name,url,store_id,store_name,size,updated
PriceFull7290027600007-001-001-20260916-030000.gz,https://pricesprodpublic.blob.core.windows.net/pricefull/PriceFull7290027600007-001-001-20260916-030000.gz?sv=2014-02-14&sr=b&sig=ou%2BbU5d2tRafufeuvNe0faNFhVVcQjKj0ug19gYWJ70%3D&se=2026-09-16T06%3A03%3A05Z&sp=r,1,1 - שלי ת&quot;א- בן יהודה,328.44 KB,9/16/2026 3:00:00 AM
PriceFull7290027600007-001-002-20260916-030000.gz,https://pricesprodpublic.blob.core.windows.net/pricefull/PriceFull7290027600007-001-002-20260916-030000.gz?sv=2014-02-14&sr=b&sig=TENIrQR5ZK%2Fm833j04cR9BuLQ8J%2Ff3ttcE0EiEqGO0Y%3D&se=2026-09-16T06%3A03%3A05Z&sp=r,2,2 - שלי ירושלים- אגרון,373.92 KB,9/16/2026 3:00:00 AM
PriceFull7290027600007-001-003-20260916-030000.gz,https://pricesprodpublic.blob.core.windows.net/pricefull/PriceFull7290027600007-001-003-20260916-030000.gz?sv=2014-02-14&sr=b&sig=1lJl99NqKYE%2BvzaqcUX%2FjSQmGC7TlIXgBquJvMbL7rs%3D&se=2026-09-16T06%3A03%3A05Z&sp=r,3,3 - שלי גבעתיים- סירקין,315.32 KB,9/16/2026 3:00:00 AM
PriceFull7290027600007-001-004-20260916-030000.gz,https://pricesprodpublic.blob.core.windows.net/pricefull/PriceFull7290027600007-001-004-20260916-030000.gz?sv=2014-02-14&sr=b&sig=LbjPvwpNHphEjsEPWARlB6ph5GuxuzMakkzsEFvNBv0%3D&se=2026-09-16T06%3A03%3A05Z&sp=r,4,4 - שלי חיפה- כרמל,358.77 KB,9/16/2026 3:00:00 AM
PriceFull7290027600007-001-005-20260916-030000.gz,https://pricesprodpublic.blob.core.windows.net/pricefull/PriceFull7290027600007-001-005-20260916-030000.gz?sv=2014-02-14&sr=b&sig=Gpdv9RxhYSKiGL5eePEOTNcfALCdypib1TYUbGJACJY%3D&se=2026-09-16T06%3A03%3A05Z&sp=r,5,5 - שלי ירושלים- יובל,341.07 KB,9/16/2026 3:00:00 AM
PriceFull7290027600007-001-007-20260916-030000.gz,https://pricesprodpublic.blob.core.windows.net/pricefull/PriceFull7290027600007-001-007-20260916-030000.gz?sv=2014-02-14&sr=b&sig=DCfefnrOjPQqyvDO5AeHZR7HkFSUE6v8I%2BGcqH8riqY%3D&se=2026-09-16T06%3A03%3A05Z&sp=r,7,7 - שלי ת&quot;א- ארלוזורוב,336.79 KB,9/16/2026 3:00:00 AM
PriceFull7290027600007-001-009-20260916-030000.gz,https://pricesprodpublic.blob.core.windows.net/pricefull/PriceFull7290027600007-001-009-20260916-030000.gz?sv=2014-02-14&sr=b&sig=h9WfprEOrYWcJpYccfxZUPcCxx6BMsAtYPzFOUHm%2BIE%3D&se=2026-09-16T06%3A03%3A05Z&sp=r,9,9 - שלי נתניה- ויצמן,294.14 KB,9/16/2026 3:00:00 AM
PriceFull7290027600007-001-011-20260916-030000.gz,https://pricesprodpublic.blob.core.windows.net/pricefull/PriceFull7290027600007-001-011-20260916-030000.gz?sv=2014-02-14&sr=b&sig=vK1Dq9uq6SQK%2FHi3peSJJXMPtZ2cZRVr%2BCeZcTZQoTY%3D&se=2026-09-16T06%3A03%3A05Z&sp=r,11,11 - שלי ת&quot;א- נורדאו,286.81 KB,9/16/2026 3:00:00 AM
PriceFull7290027600007-001-017-20260916-030000.gz,https://pricesprodpublic.blob.core.windows.net/pricefull/PriceFull7290027600007-001-017-20260916-030000.gz?sv=2014-02-14&sr=b&sig=rHjZyCxDw5GY5YGyEiRxyrYSuiqw1Jbax%2BVofsSDfww%3D&se=2026-09-16T06%3A03%3A05Z&sp=r,17,17 - שלי חיפה- חורב,363.19 KB,9/16/2026 3:00:00 AM
PriceFull7290027600007-001-019-20260916-030000.gz,https://pricesprodpublic.blob.core.windows.net/pricefull/PriceFull7290027600007-001-019-20260916-030000.gz?sv=2014-02-14&sr=b&sig=me9J6jcqJr1yj10kzVy6Ux0QkoI3DSAJDjDuDuvSNIM%3D&se=2026-09-16T06%3A03%3A05Z&sp=r,19,19 - שלי חיפה- זיו,329.36 KB,9/16/2026 3:00:00 AM
PriceFull7290027600007-001-020-20260916-030000.gz,https://pricesprodpublic.blob.core.windows.net/pricefull/PriceFull7290027600007-001-020-20260916-030000.gz?sv=2014-02-14&sr=b&sig=RsCL5nkN12%2BUH0gERJZ4LTmptiOyHUsT5CkhwL0mrQY%3D&se=2026-09-16T06%3A03%3A05Z&sp=r,20,20 - שלי רחובות- הרצל,314.59 KB,9/16/2026 3:00:00 AM
PriceFull7290027600007-001-022-20260916-030000.gz,https://pricesprodpublic.blob.core.windows.net/pricefull/PriceFull7290027600007-001-022-20260916-030000.gz?sv=2014-02-14&sr=b&sig=S396CPQZ38kgwzVhxWMRJmclqUgn30Ct92Yt2b8zGqo%3D&se=2026-09-16T06%3A03%3A05Z&sp=r,22,22 - שלי נתניה- סמילנסקי,328.25 KB,9/16/2026 3:00:00 AM
PriceFull7290027600007-001-023-20260916-030000.gz,https://pricesprodpublic.blob.core.windows.net/pricefull/PriceFull7290027600007-001-023-20260916-030000.gz?sv=2014-02-14&sr=b&sig=ODoLNt8Vis2VVl7iO3L2paghomiTkKZE6soc0aNJ3eU%3D&se=2026-09-16T06%3A03%3A05Z&sp=r,23,23 - שלי מיתר,328.01 KB,9/16/2026 3:00:00 AM
PriceFull7290027600007-001-024-20260916-030000.gz,https://pricesprodpublic.blob.core.windows.net/pricefull/PriceFull7290027600007-001-024-20260916-030000.gz?sv=2014-02-14&sr=b&sig=4yZLh21MoxHtmJFAmoiULOLaj4z%2BuoefAwh9hfktY%2Fo%3D&se=2026-09-16T06%3A03%3A05Z&sp=r,24,24 - שלי אשדוד- הנביאים,299.3 KB,9/16/2026 3:00:00 AM
PriceFull7290027600007-001-027-20260916-030000.gz,https://pricesprodpublic.blob.core.windows.net/pricefull/PriceFull7290027600007-001-027-20260916-030000.gz?sv=2014-02-14&sr=b&sig=RaB5vdkPhfYvb9XUxBVGrAdwz8yAaL9vYZXsU0FMbKY%3D&se=2026-09-16T06%3A03%3A05Z&sp=r,27,27 - שלי רעננה- אחוזה,258.07 KB,9/16/2026 3:00:00 AM
PriceFull7290027600007-001-028-20260916-030000.gz,https://pricesprodpublic.blob.core.windows.net/pricefull/PriceFull7290027600007-001-028-20260916-030000.gz?sv=2014-02-14&sr=b&sig=pihBA5pEamTbZiL51cmC7IWw%2BoLEtecJO4y2TTlAp8M%3D&se=2026-09-16T06%3A03%3A05Z&sp=r,28,28 - שלי ת&quot;א- צה&quot;ל,285.17 KB,9/16/2026 3:00:00 AM
PriceFull7290027600007-001-030-20260916-030000.gz,https://pricesprodpublic.blob.core.windows.net/pricefull/PriceFull7290027600007-001-030-20260916-030000.gz?sv=2014-02-14&sr=b&sig=skOIorCKZdHbBSjUtpPMkOWRTjwJMJnpnyyqx9UOlis%3D&se=2026-09-16T06%3A03%3A05Z&sp=r,30,30 - שלי רמת גן- קריניצי,219.12 KB,9/16/2026 3:00:00 AM
PriceFull7290027600007-001-032-20260916-030000.gz,https://pricesprodpublic.blob.core.windows.net/pricefull/PriceFull7290027600007-001-032-20260916-030000.gz?sv=2014-02-14&sr=b&sig=rMC%2F3%2FfYbTbSlQGirHLxASo9HWa2EFDMd0JlRV5sBWE%3D&se=2026-09-16T06%3A03%3A05Z&sp=r,32,32 - שלי רמת גן- קסם,294.34 KB,9/16/2026 3:00:00 AM
PriceFull7290027600007-001-033-20260916-030000.gz,https://pricesprodpublic.blob.core.windows.net/pricefull/PriceFull7290027600007-001-033-20260916-030000.gz?sv=2014-02-14&sr=b&sig=DEvdkFYap6j5BTe7wGB8aKeEIpxjCB355Kvz9us0nnY%3D&se=2026-09-16T06%3A03%3A05Z&sp=r,33,33 - שלי חיפה- סטלה,313.36 KB,9/16/2026 3:00:00 AM
PriceFull7290027600007-001-034-20260916-030000.gz,https://pricesprodpublic.blob.core.windows.net/pricefull/PriceFull7290027600007-001-034-20260916-030000.gz?sv=2014-02-14&sr=b&sig=h2Kx%2BX%2FQFBMoKcvRLOQXskalurX8Jf3s1YbQ7iR2anE%3D&se=2026-09-16T06%3A03%3A05Z&sp=r,34,34 - שלי רמת השרון- סוקולוב,301.44 KB,9/16/2026 3:00:00 AM
PriceFull7290027600007-001-036-20260916-030000.gz,https://pricesprodpublic.blob.core.windows.net/pricefull/PriceFull7290027600007-001-036-20260916-030000.gz?sv=2014-02-14&sr=b&sig=dG%2BDM97oqB9BUo%2Bl5jcosYeVBlF3l%2F6hzBnuHMSupE4%3D&se=2026-09-16T06%3A03%3A24Z&sp=r,36,36 - שלי כ&quot;ס- רוטשילד,293.41 KB,9/16/2026 3:00:00 AM
PriceFull7290027600007-001-038-20260916-030000.gz,https://pricesprodpublic.blob.core.windows.net/pricefull/PriceFull7290027600007-001-038-20260916-030000.gz?sv=2014-02-14&sr=b&sig=doGeouNWBwb68SnvfmABrEH96rbXw%2BhjghSzyQAvBIg%3D&se=2026-09-16T06%3A03%3A24Z&sp=r,38,38 - שלי חיפה- דניה,275.77 KB,9/16/2026 3:00:00 AM
PriceFull7290027600007-001-039-20260916-030000.gz,https://pricesprodpublic.blob.core.windows.net/pricefull/PriceFull7290027600007-001-039-20260916-030000.gz?sv=2014-02-14&sr=b&sig=kRPQmysmBy%2BDXhCI1yqwkZkGFcSw0z2XD4nM%2FpIPSvs%3D&se=2026-09-16T06%3A03%3A24Z&sp=r,39,39 - שלי ת&quot;א- ברזיל,393.84 KB,9/16/2026 3:00:00 AM
PriceFull7290027600007-001-040-20260916-030000.gz,https://pricesprodpublic.blob.core.windows.net/pricefull/PriceFull7290027600007-001-040-20260916-030000.gz?sv=2014-02-14&sr=b&sig=5MQcq6fqs5FbdRxf80SseYUAN41%2FlTfbppiQZC2%2FT28%3D&se=2026-09-16T06%3A03%3A24Z&sp=r,40,40 - שלי ב&quot;ש- עומר,249.16 KB,9/16/2026 3:00:00 AM
PriceFull7290027600007-001-042-20260916-030000.gz,https://pricesprodpublic.blob.core.windows.net/pricefull/PriceFull7290027600007-001-042-20260916-030000.gz?sv=2014-02-14&sr=b&sig=X2KE6lJwEVeGlOp%2FbaCPy5KEvydyaPOtRteRTuJ7FDI%3D&se=2026-09-16T06%3A03%3A24Z&sp=r,42,42 - שלי ירושלים- ניות,321.31 KB,9/16/2026 3:00:00 AM
PriceFull7290027600007-001-043-20260916-030000.gz,https://pricesprodpublic.blob.core.windows.net/pricefull/PriceFull7290027600007-001-043-20260916-030000.gz?sv=2014-02-14&sr=b&sig=bTqKmR1QdYBvG3axAL5t0iwTYr%2B5ANF2TkJfx%2FotX5A%3D&se=2026-09-16T06%3A03%3A24Z&sp=r,43,43 - שלי הוד השרון- הבנים,301.89 KB,9/16/2026 3:00:00 AM
PriceFull7290027600007-001-050-20260916-030000.gz,https://pricesprodpublic.blob.core.windows.net/pricefull/PriceFull7290027600007-001-050-20260916-030000.gz?sv=2014-02-14&sr=b&sig=PnwJeLjpQ70KOb9NQnqMFG2%2FmTTl7ktftFNWAZt0Xws%3D&se=2026-09-16T06%3A03%3A24Z&sp=r,50,50 - שלי מבשרת ציון,310.59 KB,9/16/2026 3:00:00 AM
PriceFull7290027600007-001-057-20260916-030000.gz,https://pricesprodpublic.blob.core.windows.net/pricefull/PriceFull7290027600007-001-057-20260916-030000.gz?sv=2014-02-14&sr=b&sig=ZAYrTxFEHyncODNTzck8j%2FUV3cRLo5l6817b4WrJjL8%3D&se=2026-09-16T06%3A03%3A24Z&sp=r,57,57 - שלי רמת השרון- אוסישקין,330.16 KB,9/16/2026 3:00:00 AM
PriceFull7290027600007-001-069-20260916-030000.gz,https://pricesprodpublic.blob.core.windows.net/pricefull/PriceFull7290027600007-001-069-20260916-030000.gz?sv=2014-02-14&sr=b&sig=gPgPaPvW3YPbxymHRpflYsah2Zar1FYQEJ8w8eQqo0c%3D&se=2026-09-16T06%3A03%3A24Z&sp=r,69,69 - שלי ת&quot;א- רמת אביב ב,377.17 KB,9/16/2026 3:00:00 AM
PriceFull7290027600007-001-070-20260916-030000.gz,https://pricesprodpublic.blob.core.windows.net/pricefull/PriceFull7290027600007-001-070-20260916-030000.gz?sv=2014-02-14&sr=b&sig=XnGrJV6o%2FA1iaEzt%2FwhHeqA%2Fslfc3orIqUiNmUM80WM%3D&se=2026-09-16T06%3A03%3A24Z&sp=r,70,70 - שלי רמת גן- מרום נווה,374.34 KB,9/16/2026 3:00:00 AM
PriceFull7290027600007-001-072-20260916-030000.gz,https://pricesprodpublic.blob.core.windows.net/pricefull/PriceFull7290027600007-001-072-20260916-030000.gz?sv=2014-02-14&sr=b&sig=FksU24qZPAT5qTd0XotAe5O%2BbwDsWgfzoYJeV%2FdZUms%3D&se=2026-09-16T06%3A03%3A24Z&sp=r,72,72 - שלי רעות,373.52 KB,9/16/2026 3:00:00 AM
PriceFull7290027600007-001-080-20260916-030000.gz,https://pricesprodpublic.blob.core.windows.net/pricefull/PriceFull7290027600007-001-080-20260916-030000.gz?sv=2014-02-14&sr=b&sig=MbcQ%2B0XCs5i%2BldhcrtP0YcQgTMYocgBETiiGnlq7OnM%3D&se=2026-09-16T06%3A03%3A24Z&sp=r,80,80 - שלי ראשל&quot;צ- נווה הדרים,324.55 KB,9/16/2026 3:00:00 AM
PriceFull7290027600007-001-093-20260916-030000.gz,https://pricesprodpublic.blob.core.windows.net/pricefull/PriceFull7290027600007-001-093-20260916-030000.gz?sv=2014-02-14&sr=b&sig=Z%2FddO5lhRiyDSZDWLhhprtYlXzjXvH1SXG1qfV9nTMw%3D&se=2026-09-16T06%3A03%3A24Z&sp=r,93,93 - שלי יהוד- סביונים,322.91 KB,9/16/2026 3:00:00 AM
PriceFull7290027600007-001-101-20260916-030000.gz,https://pricesprodpublic.blob.core.windows.net/pricefull/PriceFull7290027600007-001-101-20260916-030000.gz?sv=2014-02-14&sr=b&sig=GKTZdguPzqGyb%2BpDBRuQDFJoGLYwtEXZBbmP3OLkblg%3D&se=2026-09-16T06%3A03%3A24Z&sp=r,101,101 - שלי הוד השרון- ק מרגלית,375.74 KB,9/16/2026 3:00:00 AM
PriceFull7290027600007-001-102-20260916-030000.gz,https://pricesprodpublic.blob.core.windows.net/pricefull/PriceFull7290027600007-001-102-20260916-030000.gz?sv=2014-02-14&sr=b&sig=0IBSMt%2FdQE6G%2B3blc9hPbs6dXq8irC5uceWQ98%2BWh%2FA%3D&se=2026-09-16T06%3A03%3A24Z&sp=r,102,102 - שלי פרדסיה- הנשיא,299.81 KB,9/16/2026 3:00:00 AM
PriceFull7290027600007-001-103-20260916-030000.gz,https://pricesprodpublic.blob.core.windows.net/pricefull/PriceFull7290027600007-001-103-20260916-030000.gz?sv=2014-02-14&sr=b&sig=kHAnCcBpl1xB9vVz953HSoEIYrpEnD%2FzSU2VWADxyr4%3D&se=2026-09-16T06%3A03%3A24Z&sp=r,103,103 - שלי שוהם- מרכז מסחרי,376.02 KB,9/16/2026 3:00:00 AM
PriceFull7290027600007-001-104-20260916-030000.gz,https://pricesprodpublic.blob.core.windows.net/pricefull/PriceFull7290027600007-001-104-20260916-030000.gz?sv=2014-02-14&sr=b&sig=anrNU7Pm3bvFq9ZlgQHHElzO4lfIheN9EcHKwPCU%2Bq4%3D&se=2026-09-16T06%3A03%3A24Z&sp=r,104,104 - שלי פ&quot;ת- גד מכנס,307.94 KB,9/16/2026 3:00:00 AM
PriceFull7290027600007-001-109-20260916-030000.gz,https://pricesprodpublic.blob.core.windows.net/pricefull/PriceFull7290027600007-001-109-20260916-030000.gz?sv=2014-02-14&sr=b&sig=PEabyIyUsf6Dgriq1AD%2FsOqIToGRjEezADL4kN7sapQ%3D&se=2026-09-16T06%3A03%3A24Z&sp=r,109,109 - שלי ראש העין- ז&#39;בוטינסקי,387.3 KB,9/16/2026 3:00:00 AM
PriceFull7290027600007-001-116-20260916-030000.gz,https://pricesprodpublic.blob.core.windows.net/pricefull/PriceFull7290027600007-001-116-20260916-030000.gz?sv=2014-02-14&sr=b&sig=YCXfvMhRoxifopeevsS9%2B88XT6qFOFriaeDFJ5ipUb8%3D&se=2026-09-16T06%3A03%3A24Z&sp=r,116,116 - שלי גבעתיים- מכתש,361.67 KB,9/16/2026 3:00:00 AM
PriceFull7290027600007-001-117-20260916-030000.gz,https://pricesprodpublic.blob.core.windows.net/pricefull/PriceFull7290027600007-001-117-20260916-030000.gz?sv=2014-02-14&sr=b&sig=eBPN8s9Q9h6PkZXHanT7tncc0Uxl4viggwsU%2BY39vY8%3D&se=2026-09-16T06%3A03%3A24Z&sp=r,117,117 - שלי תל אביב-איכילוב,367.62 KB,9/16/2026 3:00:00 AM
PriceFull7290027600007-001-164-20260916-030000.gz,https://pricesprodpublic.blob.core.windows.net/pricefull/PriceFull7290027600007-001-164-20260916-030000.gz?sv=2014-02-14&sr=b&sig=B0UnB7q7TXwBXtq6gG3%2B%2Fptzsq4wwdWc7SiN736%2F8wA%3D&se=2026-09-16T06%3A03%3A43Z&sp=r,164,164 - שלי רמת גן- ביאליק,280.04 KB,9/16/2026 3:00:00 AM
PriceFull7290027600007-001-168-20260916-030000.gz,https://pricesprodpublic.blob.core.windows.net/pricefull/PriceFull7290027600007-001-168-20260916-030000.gz?sv=2014-02-14&sr=b&sig=cLPN4UPejWGSQlmnRldSsuQ%2Fb64bH6pjL3K%2FkribV0g%3D&se=2026-09-16T06%3A03%3A43Z&sp=r,168,168 - שלי אשדוד- כינרת,326.37 KB,9/16/2026 3:00:00 AM
PriceFull7290027600007-001-193-20260712-030000.gz,https://pricesprodpublic.blob.core.windows.net/pricefull/PriceFull7290027600007-001-193-20260712-030000.gz?sv=2014-02-14&sr=b&sig=oJ6luOJcJlyFWGuw1jtN%2Fkce7W9Apyhw5i2sEDg5F5Q%3D&se=2026-09-16T06%3A03%3A43Z&sp=r,193,,299.65 KB,7/12/2026 3:00:00 AM
PriceFull7290027600007-001-212-20260916-030000.gz,https://pricesprodpublic.blob.core.windows.net/pricefull/PriceFull7290027600007-001-212-20260916-030000.gz?sv=2014-02-14&sr=b&sig=6iSmHVKFQNOusnG9mTtqwlphgub0c%2FPj1BUEckUoxvY%3D&se=2026-09-16T06%3A03%3A43Z&sp=r,212,212 - שלי חיפה- ורדיה,286.75 KB,9/16/2026 3:00:00 AM
PriceFull7290027600007-001-216-20260916-030000.gz,https://pricesprodpublic.blob.core.windows.net/pricefull/PriceFull7290027600007-001-216-20260916-030000.gz?sv=2014-02-14&sr=b&sig=WBt4lFx%2BQTdrUF%2FD5bfkpUDrV%2BqhBCbeTyGUTZ7Qing%3D&se=2026-09-16T06%3A03%3A43Z&sp=r,216,216 - שלי הוד השרון,281.67 KB,9/16/2026 3:00:00 AM
PriceFull7290027600007-001-228-20260916-030000.gz,https://pricesprodpublic.blob.core.windows.net/pricefull/PriceFull7290027600007-001-228-20260916-030000.gz?sv=2014-02-14&sr=b&sig=T%2FCQYX0UnFOOMEnQNkjZaukU%2FePcXlm9z3KUnTUwngo%3D&se=2026-09-16T06%3A03%3A43Z&sp=r,228,228 - שלי בנימינה - הגביע,273.51 KB,9/16/2026 3:00:00 AM
PriceFull7290027600007-001-230-20260916-030000.gz,https://pricesprodpublic.blob.core.windows.net/pricefull/PriceFull7290027600007-001-230-20260916-030000.gz?sv=2014-02-14&sr=b&sig=QM7gS%2FWHSYGn78syUsCa8aGsQyiJ%2B%2FXHX0IMFRJp4Ho%3D&se=2026-09-16T06%3A03%3A43Z&sp=r,230,230 - שלי כ&quot;ס- ויצמן,238.24 KB,9/16/2026 3:00:00 AM
PriceFull7290027600007-001-232-20260916-030000.gz,https://pricesprodpublic.blob.core.windows.net/pricefull/PriceFull7290027600007-001-232-20260916-030000.gz?sv=2014-02-14&sr=b&sig=ue%2Blox8lCb1veXmzwmWcokdjOnbP1geXS7z%2Bvn%2BaBn0%3D&se=2026-09-16T06%3A03%3A43Z&sp=r,232,232 - שלי צפת- מ.מסחר רמת רזים,244.41 KB,9/16/2026 3:00:00 AM
PriceFull7290027600007-001-247-20260916-030000.gz,https://pricesprodpublic.blob.core.windows.net/pricefull/PriceFull7290027600007-001-247-20260916-030000.gz?sv=2014-02-14&sr=b&sig=zb94uHpFJzZDyXeqoFyD%2FrORj9Z5rAUQvtfvjQEf%2BqY%3D&se=2026-09-16T06%3A03%3A43Z&sp=r,247,247 - שלי חולון- רבינוביץ,300.71 KB,9/16/2026 3:00:00 AM
PriceFull7290027600007-001-262-20260916-030000.gz,https://pricesprodpublic.blob.core.windows.net/pricefull/PriceFull7290027600007-001-262-20260916-030000.gz?sv=2014-02-14&sr=b&sig=NZ7i944%2BWCjIdqZvbjsZ7bJatSlj0CBni6tbNaSYHG0%3D&se=2026-09-16T06%3A03%3A43Z&sp=r,262,262 - שלי מזכרת בתיה- בגין,309.53 KB,9/16/2026 3:00:00 AM
PriceFull7290027600007-001-266-20260916-030000.gz,https://pricesprodpublic.blob.core.windows.net/pricefull/PriceFull7290027600007-001-266-20260916-030000.gz?sv=2014-02-14&sr=b&sig=TJZ01Hy3UrvE1DGAKCg83lnl3L0uSMB9DpfgpCjxCQQ%3D&se=2026-09-16T06%3A03%3A43Z&sp=r,266,266 - שלי רזין אילת,337.94 KB,9/16/2026 3:00:00 AM
PriceFull7290027600007-001-271-20260916-030000.gz,https://pricesprodpublic.blob.core.windows.net/pricefull/PriceFull7290027600007-001-271-20260916-030000.gz?sv=2014-02-14&sr=b&sig=J0nijc3cKCUhy4ow%2BRwBmMXMsYptuDqha47WvFBra2Q%3D&se=2026-09-16T06%3A03%3A43Z&sp=r,271,271 - שלי רחובות- יעקובי,310.6 KB,9/16/2026 3:00:00 AM
PriceFull7290027600007-001-272-20260916-030000.gz,https://pricesprodpublic.blob.core.windows.net/pricefull/PriceFull7290027600007-001-272-20260916-030000.gz?sv=2014-02-14&sr=b&sig=oukNRE0deo13FLNzaz6pqujudVAwp5MRKXod7s8bxS0%3D&se=2026-09-16T06%3A03%3A43Z&sp=r,272,272 - שלי גבעתיים- ויצמן,303.8 KB,9/16/2026 3:00:00 AM
PriceFull7290027600007-001-278-20260916-030000.gz,https://pricesprodpublic.blob.core.windows.net/pricefull/PriceFull7290027600007-001-278-20260916-030000.gz?sv=2014-02-14&sr=b&sig=5PyWgZwapzc79LooXsVItbal5b392mzkUhR755aiL5Q%3D&se=2026-09-16T06%3A03%3A43Z&sp=r,278,278 - שלי פ&quot;ת -העצמאות,330.7 KB,9/16/2026 3:00:00 AM
PriceFull7290027600007-001-284-20260916-030000.gz,https://pricesprodpublic.blob.core.windows.net/pricefull/PriceFull7290027600007-001-284-20260916-030000.gz?sv=2014-02-14&sr=b&sig=oSQYd%2B%2B%2FIvyZTvi3NiBMzd02Vm2QGi49ROjQKyucWE4%3D&se=2026-09-16T06%3A03%3A43Z&sp=r,284,284 - שלי תל מונד- הדקל,269.42 KB,9/16/2026 3:00:00 AM
PriceFull7290027600007-001-287-20260916-030000.gz,https://pricesprodpublic.blob.core.windows.net/pricefull/PriceFull7290027600007-001-287-20260916-030000.gz?sv=2014-02-14&sr=b&sig=qjapkP6er4y9f8TwlL1XM6i7jZfjaqkIqmmmfWgUKHI%3D&se=2026-09-16T06%3A03%3A43Z&sp=r,287,287 - שלי גבעתיים-שביט,282.56 KB,9/16/2026 3:00:00 AM
PriceFull7290027600007-001-302-20260916-030000.gz,https://pricesprodpublic.blob.core.windows.net/pricefull/PriceFull7290027600007-001-302-20260916-030000.gz?sv=2014-02-14&sr=b&sig=mOA5mB9z%2F4mFtQz1Rk6fDVxYLN7EnCn3VVYr7RfKNVU%3D&se=2026-09-16T06%3A03%3A43Z&sp=r,302,302 - שלי חיפה- קלר,329.24 KB,9/16/2026 3:00:00 AM
PriceFull7290027600007-001-308-20260916-030000.gz,https://pricesprodpublic.blob.core.windows.net/pricefull/PriceFull7290027600007-001-308-20260916-030000.gz?sv=2014-02-14&sr=b&sig=aojqHVB5tU8zFPuSZIftFhA9FC4o5CMDNCzW6YeyaHQ%3D&se=2026-09-16T06%3A03%3A43Z&sp=r,308,308 - שלי קרית אתא- איינשטין,269.8 KB,9/16/2026 3:00:00 AM
PriceFull7290027600007-001-310-20260916-030000.gz,https://pricesprodpublic.blob.core.windows.net/pricefull/PriceFull7290027600007-001-310-20260916-030000.gz?sv=2014-02-14&sr=b&sig=9Z9SgkXNdSHexbvA6rItpuIyxhGZQNL2HQvcbbmjOB4%3D&se=2026-09-16T06%3A03%3A43Z&sp=r,310,310 - שלי קרית חיים- דגניה,211.8 KB,9/16/2026 3:00:00 AM
PriceFull7290027600007-001-313-20260916-030000.gz,https://pricesprodpublic.blob.core.windows.net/pricefull/PriceFull7290027600007-001-313-20260916-030000.gz?sv=2014-02-14&sr=b&sig=wJ89KAAh2g7xy%2BEJPMFwHLD9jqtZerA2jMPg1RicdrU%3D&se=2026-09-16T06%3A03%3A43Z&sp=r,313,313 - שלי קרית חיים-אח&quot;י אילת,294.98 KB,9/16/2026 3:00:00 AM
PriceFull7290027600007-001-316-20260916-030000.gz,https://pricesprodpublic.blob.core.windows.net/pricefull/PriceFull7290027600007-001-316-20260916-030000.gz?sv=2014-02-14&sr=b&sig=vQZG7zVrAqxtjAE%2FTccuFZz54si77%2FBz0oaWjHu1M4M%3D&se=2026-09-16T06%3A04%3A04Z&sp=r,316,316 - דיל קרית מוצקין-שד ויצמן,274.15 KB,9/16/2026 3:00:00 AM
PriceFull7290027600007-001-319-20260916-030000.gz,https://pricesprodpublic.blob.core.windows.net/pricefull/PriceFull7290027600007-001-319-20260916-030000.gz?sv=2014-02-14&sr=b&sig=LjugJ8G3JKqFp9RY0Rgxi7VqDeer88Pax7VWfKGqaCU%3D&se=2026-09-16T06%3A04%3A04Z&sp=r,319,319 - שלי עכו- שפירא,282.81 KB,9/16/2026 3:00:00 AM
PriceFull7290027600007-001-326-20260916-030000.gz,https://pricesprodpublic.blob.core.windows.net/pricefull/PriceFull7290027600007-001-326-20260916-030000.gz?sv=2014-02-14&sr=b&sig=IxIkeafb%2BCqxjGK55oRH0qs0nIdhfbGwZkB4BU%2FTrCw%3D&se=2026-09-16T06%3A04%3A04Z&sp=r,326,326 - שלי נהריה- הגעתון,329.88 KB,9/16/2026 3:00:00 AM
PriceFull7290027600007-001-330-20260810-030000.gz,https://pricesprodpublic.blob.core.windows.net/pricefull/PriceFull7290027600007-001-330-20260810-030000.gz?sv=2014-02-14&sr=b&sig=zUGMRaCuBphUGsjfrG%2F4yTN%2Fb%2BErLzrBhwWwHqkSQ%2Bw%3D&se=2026-09-16T06%3A04%3A04Z&sp=r,330,,275.2 KB,8/10/2026 3:00:00 AM
PriceFull7290027600007-001-333-20260916-030000.gz,https://pricesprodpublic.blob.core.windows.net/pricefull/PriceFull7290027600007-001-333-20260916-030000.gz?sv=2014-02-14&sr=b&sig=59Lp080cSysje%2BzrpMTeVOJTk%2Bl9yIttqx9%2FvDDuuGc%3D&se=2026-09-16T06%3A04%3A04Z&sp=r,333,333 - שלי חיפה- אורן,291.79 KB,9/16/2026 3:00:00 AM
PriceFull7290027600007-001-336-20260916-030000.gz,https://pricesprodpublic.blob.core.windows.net/pricefull/PriceFull7290027600007-001-336-20260916-030000.gz?sv=2014-02-14&sr=b&sig=ev%2BJ9%2B65dg4a5Lh9qif%2Bf4DvvHjgaMBpjHKVkcIC7Rc%3D&se=2026-09-16T06%3A04%3A04Z&sp=r,336,336 - שלי חיפה- רמות ספיר,320.56 KB,9/16/2026 3:00:00 AM
PriceFull7290027600007-001-343-20260916-030000.gz,https://pricesprodpublic.blob.core.windows.net/pricefull/PriceFull7290027600007-001-343-20260916-030000.gz?sv=2014-02-14&sr=b&sig=XvhLErdQ0Ku0wJqRs3sPnmckyoj5iuof6GXXxeVlMVU%3D&se=2026-09-16T06%3A04%3A04Z&sp=r,343,343 - שלי ראש העין- ברקן,311.38 KB,9/16/2026 3:00:00 AM
PriceFull7290027600007-001-357-20260916-034000.gz,https://pricesprodpublic.blob.core.windows.net/pricefull/PriceFull7290027600007-001-357-20260916-034000.gz?sv=2014-02-14&sr=b&sig=WTfDSd0wPTEu8QcuqS3p8UwlmSdH6WzFfkBRVLbhyfs%3D&se=2026-09-16T06%3A04%3A04Z&sp=r,357,357 - דיל צורן קדימה- לב השרון,303.43 KB,9/16/2026 3:40:00 AM
PriceFull7290027600007-001-365-20260916-030000.gz,https://pricesprodpublic.blob.core.windows.net/pricefull/PriceFull7290027600007-001-365-20260916-030000.gz?sv=2014-02-14&sr=b&sig=nBeCRV%2BAUNFPkK8saBorsOvbx8TAe3wcM2q3LmfDAE0%3D&se=2026-09-16T06%3A04%3A04Z&sp=r,365,365 - שלי פרדס חנה כרכור- קדמה,239.72 KB,9/16/2026 3:00:00 AM
PriceFull7290027600007-001-366-20260916-030000.gz,https://pricesprodpublic.blob.core.windows.net/pricefull/PriceFull7290027600007-001-366-20260916-030000.gz?sv=2014-02-14&sr=b&sig=iSsgHvbycEOSqpdxzfzuE682O%2BaIaooG3k%2FgF8zgQPU%3D&se=2026-09-16T06%3A04%3A04Z&sp=r,366,366 - שלי כפר ורדים- מרכז מסחר,240.51 KB,9/16/2026 3:00:00 AM
PriceFull7290027600007-001-369-20260916-030000.gz,https://pricesprodpublic.blob.core.windows.net/pricefull/PriceFull7290027600007-001-369-20260916-030000.gz?sv=2014-02-14&sr=b&sig=GD4uqVR%2BICdh39SxrTr%2F54KP6ZK%2BgQZYQGzYQMcSPN0%3D&se=2026-09-16T06%3A04%3A04Z&sp=r,369,369 - שלי שוהם- תרשיש,292.91 KB,9/16/2026 3:00:00 AM
PriceFull7290027600007-001-371-20260916-030000.gz,https://pricesprodpublic.blob.core.windows.net/pricefull/PriceFull7290027600007-001-371-20260916-030000.gz?sv=2014-02-14&sr=b&sig=G7oUyCAY4lKLJejqtsIfi%2BAdb2LUbZ6nR%2BwNZtFMmDM%3D&se=2026-09-16T06%3A04%3A04Z&sp=r,371,371 - שלי ברניצקי,325.18 KB,9/16/2026 3:00:00 AM
PriceFull7290027600007-001-374-20260916-030000.gz,https://pricesprodpublic.blob.core.windows.net/pricefull/PriceFull7290027600007-001-374-20260916-030000.gz?sv=2014-02-14&sr=b&sig=FU6d6Pcd3r115CZcXW3kjq61%2FoCvzEarGKUImWc3grU%3D&se=2026-09-16T06%3A04%3A04Z&sp=r,374,374 - שלי הרצליה- הבנים,224.67 KB,9/16/2026 3:00:00 AM
PriceFull7290027600007-001-756-20260916-030000.gz,https://pricesprodpublic.blob.core.windows.net/pricefull/PriceFull7290027600007-001-756-20260916-030000.gz?sv=2014-02-14&sr=b&sig=9gaE3VQq%2FmIMpilIywLoyvoTmc7bIadvSPj6PzuELtc%3D&se=2026-09-16T06%3A04%3A04Z&sp=r,756,756 - שלי באר יעקב,234.48 KB,9/16/2026 3:00:00 AM
PriceFull7290027600007-001-760-20260916-030000.gz,https://pricesprodpublic.blob.core.windows.net/pricefull/PriceFull7290027600007-001-760-20260916-030000.gz?sv=2014-02-14&sr=b&sig=JeZx%2FTEKWkZLU4NRTwyn7A6OvjrEqfm4uBfoWP8QK%2B0%3D&se=2026-09-16T06%3A04%3A04Z&sp=r,760,760 - שלי ראש העין,285.79 KB,9/16/2026 3:00:00 AM
PriceFull7290027600007-002-013-20260916-030000.gz,https://pricesprodpublic.blob.core.windows.net/pricefull/PriceFull7290027600007-002-013-20260916-030000.gz?sv=2014-02-14&sr=b&sig=m0uU4J9AZ4AyYyqtlKE7u75QNawchhhfp0yNWxQaXsg%3D&se=2026-09-16T06%3A04%3A04Z&sp=r,13,13 - יוניברס בית שמש- העליה,403.81 KB,9/16/2026 3:00:00 AM
PriceFull7290027600007-002-014-20260916-030000.gz,https://pricesprodpublic.blob.core.windows.net/pricefull/PriceFull7290027600007-002-014-20260916-030000.gz?sv=2014-02-14&sr=b&sig=XacC31V0YzFjIxPOyhe0AkMhexCz17J6QYiL0k%2Blcbw%3D&se=2026-09-16T06%3A04%3A04Z&sp=r,14,14 - דיל ברנע אשקלון,371.71 KB,9/16/2026 3:00:00 AM
PriceFull7290027600007-002-018-20260916-030000.gz,https://pricesprodpublic.blob.core.windows.net/pricefull/PriceFull7290027600007-002-018-20260916-030000.gz?sv=2014-02-14&sr=b&sig=tLKyp2HS%2FcT3dGfnIrwETyHDEQXMfJz36N7QDJ8i33k%3D&se=2026-09-16T06%3A04%3A04Z&sp=r,18,18 - דיל חולון-קרן היסוד,336.98 KB,9/16/2026 3:00:00 AM
PriceFull7290027600007-002-035-20260916-030000.gz,https://pricesprodpublic.blob.core.windows.net/pricefull/PriceFull7290027600007-002-035-20260916-030000.gz?sv=2014-02-14&sr=b&sig=IF5q445DvFkFoGy0NjJ9dM2oP6mHAI6ytgg9zr2rO6s%3D&se=2026-09-16T06%3A04%3A04Z&sp=r,35,35 - יוניברס באר שבע וולפסון,425.23 KB,9/16/2026 3:00:00 AM
PriceFull7290027600007-002-045-20260916-030000.gz,https://pricesprodpublic.blob.core.windows.net/pricefull/PriceFull7290027600007-002-045-20260916-030000.gz?sv=2014-02-14&sr=b&sig=uBaIajBmDn9RyazH51ra4Aix5ODIzDLGI0v3o3f5Od0%3D&se=2026-09-16T06%3A04%3A04Z&sp=r,45,45 - דיל ירושלים- תלפיות,414.18 KB,9/16/2026 3:00:00 AM
PriceFull7290027600007-002-049-20260916-030000.gz,https://pricesprodpublic.blob.core.windows.net/pricefull/PriceFull7290027600007-002-049-20260916-030000.gz?sv=2014-02-14&sr=b&sig=jFGD5CiyY9DRrywOUw02CMEp%2F9V%2B5dF1O8S3f3OyBy8%3D&se=2026-09-16T06%3A04%3A26Z&sp=r,49,49 - דיל ב&quot;ש- הר בוקר,314.56 KB,9/16/2026 3:00:00 AM
PriceFull7290027600007-002-065-20260916-030000.gz,https://pricesprodpublic.blob.core.windows.net/pricefull/PriceFull7290027600007-002-065-20260916-030000.gz?sv=2014-02-14&sr=b&sig=5hp2%2FCuDbVe9R%2F3hziWYQb3Jx%2BLOSY7TnMTtiuVju1c%3D&se=2026-09-16T06%3A04%3A26Z&sp=r,65,65 - דיל ב&quot;ש- צ&#39;ורלי,409.35 KB,9/16/2026 3:00:00 AM
PriceFull7290027600007-002-068-20260916-030000.gz,https://pricesprodpublic.blob.core.windows.net/pricefull/PriceFull7290027600007-002-068-20260916-030000.gz?sv=2014-02-14&sr=b&sig=mmR65EfENR0J01d4QyTONEbDKSEF2rcyT%2FGq%2FOLv9jg%3D&se=2026-09-16T06%3A04%3A26Z&sp=r,68,68 - דיל כורדני,384.4 KB,9/16/2026 3:00:00 AM
PriceFull7290027600007-002-076-20260916-030000.gz,https://pricesprodpublic.blob.core.windows.net/pricefull/PriceFull7290027600007-002-076-20260916-030000.gz?sv=2014-02-14&sr=b&sig=5ZuPxY4lxpTsMfpoXVBiEywufGYmYoTAoJN7E1bkeAo%3D&se=2026-09-16T06%3A04%3A26Z&sp=r,76,76 - דיל אריאל,365.94 KB,9/16/2026 3:00:00 AM
PriceFull7290027600007-002-077-20260916-030000.gz,https://pricesprodpublic.blob.core.windows.net/pricefull/PriceFull7290027600007-002-077-20260916-030000.gz?sv=2014-02-14&sr=b&sig=vMl06XaLUxjmnNffBnxoUHAfgHI8xmicd9f1ufqKmtI%3D&se=2026-09-16T06%3A04%3A26Z&sp=r,77,77 - דיל  חריש,430.69 KB,9/16/2026 3:00:00 AM
PriceFull7290027600007-002-083-20260916-030000.gz,https://pricesprodpublic.blob.core.windows.net/pricefull/PriceFull7290027600007-002-083-20260916-030000.gz?sv=2014-02-14&sr=b&sig=h%2Fm2ujm2RRt7yMZPFrH27GJ%2B8HigS824z47UKpwtU2A%3D&se=2026-09-16T06%3A04%3A26Z&sp=r,83,83 - דיל ב&quot;ש- שאול המלך,326.17 KB,9/16/2026 3:00:00 AM
PriceFull7290027600007-002-087-20260916-030000.gz,https://pricesprodpublic.blob.core.windows.net/pricefull/PriceFull7290027600007-002-087-20260916-030000.gz?sv=2014-02-14&sr=b&sig=MMYSRfnqL8XTCcl6g47iTNhtZs56XKZlFQ5%2FEn%2FsUkY%3D&se=2026-09-16T06%3A04%3A26Z&sp=r,87,87 - דיל רעננה- החרושת,410.65 KB,9/16/2026 3:00:00 AM
PriceFull7290027600007-002-089-20260916-030000.gz,https://pricesprodpublic.blob.core.windows.net/pricefull/PriceFull7290027600007-002-089-20260916-030000.gz?sv=2014-02-14&sr=b&sig=UUJr4PFPHI5%2FW6IYB%2FaFAlFW1eDr83SiAvBH0a0ytq0%3D&se=2026-09-16T06%3A04%3A26Z&sp=r,89,89 - דיל עזריאלי - רמלה,349.65 KB,9/16/2026 3:00:00 AM
PriceFull7290027600007-002-091-20260916-030000.gz,https://pricesprodpublic.blob.core.windows.net/pricefull/PriceFull7290027600007-002-091-20260916-030000.gz?sv=2014-02-14&sr=b&sig=YTE9gd3L%2Brmg6TYfTOpnK9XgzRvcNZsbfVuQvTTLzxE%3D&se=2026-09-16T06%3A04%3A26Z&sp=r,91,91 - יוניברס עמק חפר- אזור תעשיה,453.38 KB,9/16/2026 3:00:00 AM
PriceFull7290027600007-002-092-20260916-030000.gz,https://pricesprodpublic.blob.core.windows.net/pricefull/PriceFull7290027600007-002-092-20260916-030000.gz?sv=2014-02-14&sr=b&sig=QDt4tX6trmo4fKxMqgdOc8UdWuRVMsZiEznMjNXF5Uo%3D&se=2026-09-16T06%3A04%3A26Z&sp=r,92,92 - דיל אשדוד- שבטלוי,340.79 KB,9/16/2026 3:00:00 AM
PriceFull7290027600007-002-095-20260916-030000.gz,https://pricesprodpublic.blob.core.windows.net/pricefull/PriceFull7290027600007-002-095-20260916-030000.gz?sv=2014-02-14&sr=b&sig=%2BDlRythCBMbx2BNQkLfitfHOySqOvONXDq%2B%2FWrC%2FRMk%3D&se=2026-09-16T06%3A04%3A26Z&sp=r,95,95 - דיל חדרה- קניוןאורות,397.06 KB,9/16/2026 3:00:00 AM
PriceFull7290027600007-002-096-20260916-030000.gz,https://pricesprodpublic.blob.core.windows.net/pricefull/PriceFull7290027600007-002-096-20260916-030000.gz?sv=2014-02-14&sr=b&sig=T7ndgIc8ip7krE73jPoSxn%2F2FNXsedjnrlItKWgVCZM%3D&se=2026-09-16T06%3A04%3A26Z&sp=r,96,96 - דיל חדרה- הפרדס,318.01 KB,9/16/2026 3:00:00 AM
PriceFull7290027600007-002-097-20260916-030000.gz,https://pricesprodpublic.blob.core.windows.net/pricefull/PriceFull7290027600007-002-097-20260916-030000.gz?sv=2014-02-14&sr=b&sig=V%2Fns%2FBBwv0vtDQBwBDKrfJFFZBmshnWYFU9KXnb%2Fds4%3D&se=2026-09-16T06%3A04%3A26Z&sp=r,97,97 - דיל קרית שמונה-מתחם ביג,404.94 KB,9/16/2026 3:00:00 AM
PriceFull7290027600007-002-098-20260916-030000.gz,https://pricesprodpublic.blob.core.windows.net/pricefull/PriceFull7290027600007-002-098-20260916-030000.gz?sv=2014-02-14&sr=b&sig=EpJQgaFnHvsRojmS%2F3Xh5GebfIaxDBVgO16OqB4DsY8%3D&se=2026-09-16T06%3A04%3A26Z&sp=r,98,98 - דיל קרית טבעון- אלונים,372.43 KB,9/16/2026 3:00:00 AM
PriceFull7290027600007-002-105-20260916-030000.gz,https://pricesprodpublic.blob.core.windows.net/pricefull/PriceFull7290027600007-002-105-20260916-030000.gz?sv=2014-02-14&sr=b&sig=Glgve6przNSiRi9SSB0IKuqvuI9hH9pzoDr0fu1Rxpg%3D&se=2026-09-16T06%3A04%3A26Z&sp=r,105,105 - דיל פ&quot;ת- אליעזר פרדימן,374.36 KB,9/16/2026 3:00:00 AM
PriceFull7290027600007-002-110-20260916-030000.gz,https://pricesprodpublic.blob.core.windows.net/pricefull/PriceFull7290027600007-002-110-20260916-030000.gz?sv=2014-02-14&sr=b&sig=U5wZeCxX79Za87KhQrT5jH%2BZRKuXTEaQ4wRXW1kFABg%3D&se=2026-09-16T06%3A04%3A26Z&sp=r,110,110 - דיל הפארק ב&quot;ש,348.03 KB,9/16/2026 3:00:00 AM
PriceFull7290027600007-002-113-20260916-030000.gz,https://pricesprodpublic.blob.core.windows.net/pricefull/PriceFull7290027600007-002-113-20260916-030000.gz?sv=2014-02-14&sr=b&sig=kiRNciFiYJ6B%2Fsulhugh%2B4CtnKhsH%2BAUWV79EMslK34%3D&se=2026-09-16T06%3A04%3A26Z&sp=r,113,113 - דיל ראשל&quot;צ- גולדה מאיר,356.49 KB,9/16/2026 3:00:00 AM
PriceFull7290027600007-002-114-20260916-030000.gz,https://pricesprodpublic.blob.core.windows.net/pricefull/PriceFull7290027600007-002-114-20260916-030000.gz?sv=2014-02-14&sr=b&sig=868FqetSkr6pLr8dCTbW5Gmtq06pZSqYzx58%2FEGgERw%3D&se=2026-09-16T06%3A04%3A26Z&sp=r,114,114 - דיל ירושלים- גילה,405.41 KB,9/16/2026 3:00:00 AM
PriceFull7290027600007-002-118-20260916-030000.gz,https://pricesprodpublic.blob.core.windows.net/pricefull/PriceFull7290027600007-002-118-20260916-030000.gz?sv=2014-02-14&sr=b&sig=Udj%2BPSDyUY3orSGSc6WcH4VisPH4%2F8ZMtZWe7OQIDb0%3D&se=2026-09-16T06%3A04%3A26Z&sp=r,118,118 - דיל אילת  הסתת,439.11 KB,9/16/2026 3:00:00 AM
PriceFull7290027600007-002-119-20260916-030000.gz,https://pricesprodpublic.blob.core.windows.net/pricefull/PriceFull7290027600007-002-119-20260916-030000.gz?sv=2014-02-14&sr=b&sig=%2FkcMXkm2AyH6qOVRAFlbwCeoXYM%2Fe64FvauK7svW5E0%3D&se=2026-09-16T06%3A04%3A26Z&sp=r,119,119 - דיל מודיעין- סנטר,333.99 KB,9/16/2026 3:00:00 AM
PriceFull7290027600007-002-121-20260916-030000.gz,https://pricesprodpublic.blob.core.windows.net/pricefull/PriceFull7290027600007-002-121-20260916-030000.gz?sv=2014-02-14&sr=b&sig=i1REWdmBDUxx71uFdA7HWBQRgyIpQvKxQPu2EtVnmXg%3D&se=2026-09-16T06%3A04%3A44Z&sp=r,121,121 - יוניברס נהריה- לוחמי הגטאות,417.46 KB,9/16/2026 3:00:00 AM
PriceFull7290027600007-002-122-20260916-030000.gz,https://pricesprodpublic.blob.core.windows.net/pricefull/PriceFull7290027600007-002-122-20260916-030000.gz?sv=2014-02-14&sr=b&sig=aclJ84%2FUoQwy26PTtLgQP7rqJdMEvucMor%2FpyWDgQv0%3D&se=2026-09-16T06%3A04%3A44Z&sp=r,122,122 - דיל יבנה- ברוש דרךהים,425.3 KB,9/16/2026 3:00:00 AM
PriceFull7290027600007-002-123-20260916-030000.gz,https://pricesprodpublic.blob.core.windows.net/pricefull/PriceFull7290027600007-002-123-20260916-030000.gz?sv=2014-02-14&sr=b&sig=%2Bfo7aYT4JnR%2F0ZiMIghvZIw57DTSdgTzYKlWZnHqWy8%3D&se=2026-09-16T06%3A04%3A44Z&sp=r,123,123 - דיל חולון- גולדה,387.41 KB,9/16/2026 3:00:00 AM
PriceFull7290027600007-002-124-20260916-030000.gz,https://pricesprodpublic.blob.core.windows.net/pricefull/PriceFull7290027600007-002-124-20260916-030000.gz?sv=2014-02-14&sr=b&sig=GD9%2Bv1AiDguPaqhqP7cn6qifK4nuGby%2FOt6nEDzFFCo%3D&se=2026-09-16T06%3A04%3A44Z&sp=r,124,124 - יוניברס בת ים- אורט ישראל,405.25 KB,9/16/2026 3:00:00 AM
PriceFull7290027600007-002-128-20260916-030000.gz,https://pricesprodpublic.blob.core.windows.net/pricefull/PriceFull7290027600007-002-128-20260916-030000.gz?sv=2014-02-14&sr=b&sig=2%2Fpnz%2F1xLbPxWUOJjSmuNl0z55PS8zKmefjcHj4D9pE%3D&se=2026-09-16T06%3A04%3A44Z&sp=r,128,128 - יוניברס טירת הכרמל- נחום חת,465.27 KB,9/16/2026 3:00:00 AM
PriceFull7290027600007-002-129-20260916-030000.gz,https://pricesprodpublic.blob.core.windows.net/pricefull/PriceFull7290027600007-002-129-20260916-030000.gz?sv=2014-02-14&sr=b&sig=AI6QiOU81o5qzN2sCPC8fGE%2BPuTRKNNiQxKVeCNeE%2Fg%3D&se=2026-09-16T06%3A04%3A44Z&sp=r,129,129 - יוניברס נתניה- המלאכה,433.97 KB,9/16/2026 3:00:00 AM
PriceFull7290027600007-002-130-20260916-030000.gz,https://pricesprodpublic.blob.core.windows.net/pricefull/PriceFull7290027600007-002-130-20260916-030000.gz?sv=2014-02-14&sr=b&sig=0dcD35vBRycVSC%2FqU5vCSAwkgR5GvY%2FwRIfp7uPqo2o%3D&se=2026-09-16T06%3A04%3A44Z&sp=r,130,130 - דיל נתניה- קלאוזנר עמליה,345.5 KB,9/16/2026 3:00:00 AM
PriceFull7290027600007-002-139-20260916-030000.gz,https://pricesprodpublic.blob.core.windows.net/pricefull/PriceFull7290027600007-002-139-20260916-030000.gz?sv=2014-02-14&sr=b&sig=J%2FgQ3u%2F%2BZKYQHLlENtLK%2FTMuDH5u58b1wNwBE9KhxHM%3D&se=2026-09-16T06%3A04%3A44Z&sp=r,139,139 - יוניברס צפת- דובק ויצמן,388.33 KB,9/16/2026 3:00:00 AM
PriceFull7290027600007-002-141-20260916-030000.gz,https://pricesprodpublic.blob.core.windows.net/pricefull/PriceFull7290027600007-002-141-20260916-030000.gz?sv=2014-02-14&sr=b&sig=bWhFAliz0ZkwS5JdTqOB2CBxv1dSkz3zIlHZ1BSvIV0%3D&se=2026-09-16T06%3A04%3A44Z&sp=r,141,141 - דיל יוקנעם- שדרות רבין,412.45 KB,9/16/2026 3:00:00 AM
PriceFull7290027600007-002-142-20260916-030000.gz,https://pricesprodpublic.blob.core.windows.net/pricefull/PriceFull7290027600007-002-142-20260916-030000.gz?sv=2014-02-14&sr=b&sig=ZOepYn2r%2FMFBY0YqhRYKKy5cXPz%2Friljd6ouQ0WKzas%3D&se=2026-09-16T06%3A04%3A44Z&sp=r,142,142 - דיל זכרון- המייסדים,413.79 KB,9/16/2026 3:00:00 AM
PriceFull7290027600007-002-144-20260916-030000.gz,https://pricesprodpublic.blob.core.windows.net/pricefull/PriceFull7290027600007-002-144-20260916-030000.gz?sv=2014-02-14&sr=b&sig=MgOQVVVkwZaz%2BjAhm4yAxCQ7pVbApXRDO6YqbJiLsIo%3D&se=2026-09-16T06%3A04%3A44Z&sp=r,144,144 - דיל שבירו כפר סבא,435.26 KB,9/16/2026 3:00:00 AM
PriceFull7290027600007-002-151-20260916-030000.gz,https://pricesprodpublic.blob.core.windows.net/pricefull/PriceFull7290027600007-002-151-20260916-030000.gz?sv=2014-02-14&sr=b&sig=bMKFlJxJPmNm%2FWAqgTy2KSjh3tIV8%2BN%2B%2BJSvXryJXNA%3D&se=2026-09-16T06%3A04%3A44Z&sp=r,151,151 - דיל רעננה- קניון רננים,435.86 KB,9/16/2026 3:00:00 AM
PriceFull7290027600007-002-152-20260916-030000.gz,https://pricesprodpublic.blob.core.windows.net/pricefull/PriceFull7290027600007-002-152-20260916-030000.gz?sv=2014-02-14&sr=b&sig=d6B7sv3fzLVXhvZhUlNYDyN%2Bbyr1ZAPYfXgNof2XxMI%3D&se=2026-09-16T06%3A04%3A44Z&sp=r,152,152 - דיל ערד- ישפרו המנוף,398.09 KB,9/16/2026 3:00:00 AM
PriceFull7290027600007-002-153-20260916-030000.gz,https://pricesprodpublic.blob.core.windows.net/pricefull/PriceFull7290027600007-002-153-20260916-030000.gz?sv=2014-02-14&sr=b&sig=OD9e59TjXb%2Fx37i8kOOqRRJPKJBn6NAVZc53lCbXWYU%3D&se=2026-09-16T06%3A04%3A44Z&sp=r,153,153 - דיל אופקים- ז&#39;בוטינסקי,383 KB,9/16/2026 3:00:00 AM
PriceFull7290027600007-002-155-20260916-030000.gz,https://pricesprodpublic.blob.core.windows.net/pricefull/PriceFull7290027600007-002-155-20260916-030000.gz?sv=2014-02-14&sr=b&sig=EcpU7GyU456umJZwSbxymXAUZnZzWgBzLUvkVp8iMK4%3D&se=2026-09-16T06%3A04%3A44Z&sp=r,155,155 - יוניברס צור יגאל- מרכז מסחרי,445.05 KB,9/16/2026 3:00:00 AM
PriceFull7290027600007-002-159-20260916-030000.gz,https://pricesprodpublic.blob.core.windows.net/pricefull/PriceFull7290027600007-002-159-20260916-030000.gz?sv=2014-02-14&sr=b&sig=GTY0HiD3eFf0ci3WqBECknBwzR3DgOy07DZjmOvCR0k%3D&se=2026-09-16T06%3A04%3A44Z&sp=r,159,159 - דיל רמת הנשיא חיפה,364.66 KB,9/16/2026 3:00:00 AM
PriceFull7290027600007-002-163-20260916-030000.gz,https://pricesprodpublic.blob.core.windows.net/pricefull/PriceFull7290027600007-002-163-20260916-030000.gz?sv=2014-02-14&sr=b&sig=EG7Jz8ktMU%2B9AuLGisipaLuLrK8z0HqvjDHqNvfJ6m4%3D&se=2026-09-16T06%3A04%3A44Z&sp=r,163,163 - דיל שדרות- הפלדה,378.5 KB,9/16/2026 3:00:00 AM
PriceFull7290027600007-002-166-20260916-030000.gz,https://pricesprodpublic.blob.core.windows.net/pricefull/PriceFull7290027600007-002-166-20260916-030000.gz?sv=2014-02-14&sr=b&sig=XLVor6arCuQfvdLaHrf408lAVfXtGMR4opizYsCWs3U%3D&se=2026-09-16T06%3A04%3A44Z&sp=r,166,166 - יוניברס אקסטרה  אשדוד- הבושם,449.07 KB,9/16/2026 3:00:00 AM
PriceFull7290027600007-002-173-20260916-030000.gz,https://pricesprodpublic.blob.core.windows.net/pricefull/PriceFull7290027600007-002-173-20260916-030000.gz?sv=2014-02-14&sr=b&sig=3NCdZXWLc%2BlhXB0hit%2BIVdsYekKYqHwCZ8H3uqYTzNo%3D&se=2026-09-16T06%3A04%3A44Z&sp=r,173,173 - דיל כפר יונה,394.93 KB,9/16/2026 3:00:00 AM
PriceFull7290027600007-002-174-20260916-030000.gz,https://pricesprodpublic.blob.core.windows.net/pricefull/PriceFull7290027600007-002-174-20260916-030000.gz?sv=2014-02-14&sr=b&sig=wuXCyFHSj%2BkYUhwEb6JYk7HJy%2FheOtiTP7iGmXYSkXs%3D&se=2026-09-16T06%3A04%3A44Z&sp=r,174,174 - דיל ערד- קניון,386.7 KB,9/16/2026 3:00:00 AM
PriceFull7290027600007-002-177-20260916-030000.gz,https://pricesprodpublic.blob.core.windows.net/pricefull/PriceFull7290027600007-002-177-20260916-030000.gz?sv=2014-02-14&sr=b&sig=deiw0NQ3jLjJ7fJj1ELj3kKvJItBLgMybaf6k5kNM3s%3D&se=2026-09-16T06%3A04%3A59Z&sp=r,177,177 - דיל מצפה רמון- בן גוריון,324.42 KB,9/16/2026 3:00:00 AM
PriceFull7290027600007-002-180-20260916-030000.gz,https://pricesprodpublic.blob.core.windows.net/pricefull/PriceFull7290027600007-002-180-20260916-030000.gz?sv=2014-02-14&sr=b&sig=9QfwMHa3xoMjiXcFUZDC8W8KozXCb9on%2FZqbeRqZfOo%3D&se=2026-09-16T06%3A04%3A59Z&sp=r,180,180 - דיל ק.מוצקין- בן גוריון,441.28 KB,9/16/2026 3:00:00 AM
PriceFull7290027600007-002-181-20260916-030000.gz,https://pricesprodpublic.blob.core.windows.net/pricefull/PriceFull7290027600007-002-181-20260916-030000.gz?sv=2014-02-14&sr=b&sig=hlceQQ%2BZgOH0gQ9Wy2GCwVyyMd1R33XR5PcS8vKtBLM%3D&se=2026-09-16T06%3A04%3A59Z&sp=r,181,181 - דיל אשקלון- רמז,405 KB,9/16/2026 3:00:00 AM
PriceFull7290027600007-002-182-20260916-030000.gz,https://pricesprodpublic.blob.core.windows.net/pricefull/PriceFull7290027600007-002-182-20260916-030000.gz?sv=2014-02-14&sr=b&sig=O4eUglQb7RmjqWszpEpx1IddUX3j4IHIUx3yKicjHp4%3D&se=2026-09-16T06%3A04%3A59Z&sp=r,182,182 - יוניברס דימונה- גולדה מאיר,395.54 KB,9/16/2026 3:00:00 AM
PriceFull7290027600007-002-183-20260916-030000.gz,https://pricesprodpublic.blob.core.windows.net/pricefull/PriceFull7290027600007-002-183-20260916-030000.gz?sv=2014-02-14&sr=b&sig=N7gxcCfEM0zRczGQJ7JG%2FedI4sLt4FrnfMG1zYErylI%3D&se=2026-09-16T06%3A04%3A59Z&sp=r,183,183 - דיל אשדוד- הרצל,380.03 KB,9/16/2026 3:00:00 AM
PriceFull7290027600007-002-184-20260916-030000.gz,https://pricesprodpublic.blob.core.windows.net/pricefull/PriceFull7290027600007-002-184-20260916-030000.gz?sv=2014-02-14&sr=b&sig=4FhYpTJycfdvhA%2F%2BVzxZUuLJIpU0FckXo3lR3xJ9JcE%3D&se=2026-09-16T06%3A04%3A59Z&sp=r,184,184 - דיל ראשל&quot;צ- זבוטינסקי,357.12 KB,9/16/2026 3:00:00 AM
PriceFull7290027600007-002-187-20260916-030000.gz,https://pricesprodpublic.blob.core.windows.net/pricefull/PriceFull7290027600007-002-187-20260916-030000.gz?sv=2014-02-14&sr=b&sig=oUbQy2ZFfm0pMAowWTEVpomXESMTk8vje%2F1tW0byceg%3D&se=2026-09-16T06%3A04%3A59Z&sp=r,187,187 - דיל קניון מעלה אדומים,421.06 KB,9/16/2026 3:00:00 AM
PriceFull7290027600007-002-188-20260916-030000.gz,https://pricesprodpublic.blob.core.windows.net/pricefull/PriceFull7290027600007-002-188-20260916-030000.gz?sv=2014-02-14&sr=b&sig=9yeaxQb1P4OGjQyaAlOpnPnhc7YvzvNu4w0EnMgOtbI%3D&se=2026-09-16T06%3A04%3A59Z&sp=r,188,188 - דיל ירוחם- צבי בורנשטיין,325.58 KB,9/16/2026 3:00:00 AM
PriceFull7290027600007-002-189-20260916-030000.gz,https://pricesprodpublic.blob.core.windows.net/pricefull/PriceFull7290027600007-002-189-20260916-030000.gz?sv=2014-02-14&sr=b&sig=ndFuvt7WqB98YgGzi%2FztdMMp%2FSJf4zhmwbGb%2Br3PDbY%3D&se=2026-09-16T06%3A04%3A59Z&sp=r,189,189 - דיל פרדס חנה,389.4 KB,9/16/2026 3:00:00 AM
PriceFull7290027600007-002-190-20260916-030000.gz,https://pricesprodpublic.blob.core.windows.net/pricefull/PriceFull7290027600007-002-190-20260916-030000.gz?sv=2014-02-14&sr=b&sig=0FMbT09qCNDdp62ng%2BHjS4SkQkudjfyELjm51r6gNFc%3D&se=2026-09-16T06%3A04%3A59Z&sp=r,190,190 - דיל חצור- הגלילית,360.76 KB,9/16/2026 3:00:00 AM
PriceFull7290027600007-002-199-20260916-034000.gz,https://pricesprodpublic.blob.core.windows.net/pricefull/PriceFull7290027600007-002-199-20260916-034000.gz?sv=2014-02-14&sr=b&sig=w%2B1cnmn6Ak39wIHSlZF9plstB%2FrimtCT2eGQfsKdUq4%3D&se=2026-09-16T06%3A04%3A59Z&sp=r,199,199 - דיל בת ים- בלפור,274.29 KB,9/16/2026 3:40:00 AM
PriceFull7290027600007-002-203-20260916-030000.gz,https://pricesprodpublic.blob.core.windows.net/pricefull/PriceFull7290027600007-002-203-20260916-030000.gz?sv=2014-02-14&sr=b&sig=gKUzxWSTCk%2FI8VuraOcmSpvy%2FYg822abFtlY0fqAOB0%3D&se=2026-09-16T06%3A04%3A59Z&sp=r,203,203 - יוניברס רמלה לוד-הצופית,448.13 KB,9/16/2026 3:00:00 AM
PriceFull7290027600007-002-205-20260916-030000.gz,https://pricesprodpublic.blob.core.windows.net/pricefull/PriceFull7290027600007-002-205-20260916-030000.gz?sv=2014-02-14&sr=b&sig=CINaxIRvvUIqcrZnYrsCLyelfvTi%2BnvE0d5582ItH1M%3D&se=2026-09-16T06%3A04%3A59Z&sp=r,205,205 - יוניברס יהוד- אלטלף,443.78 KB,9/16/2026 3:00:00 AM
PriceFull7290027600007-002-208-20260916-030000.gz,https://pricesprodpublic.blob.core.windows.net/pricefull/PriceFull7290027600007-002-208-20260916-030000.gz?sv=2014-02-14&sr=b&sig=YiC%2B%2FlACdCrerSgPArV290fMx2bZ%2Bb7pQSkEPWt8SfI%3D&se=2026-09-16T06%3A04%3A59Z&sp=r,208,208 - דיל אילת נחל אורה,322.66 KB,9/16/2026 3:00:00 AM
PriceFull7290027600007-002-209-20260916-030000.gz,https://pricesprodpublic.blob.core.windows.net/pricefull/PriceFull7290027600007-002-209-20260916-030000.gz?sv=2014-02-14&sr=b&sig=JqKVK0SB0tYYCYj9GhdI4kCrwMk18%2Boe61evJVUMJi4%3D&se=2026-09-16T06%3A04%3A59Z&sp=r,209,209 - דיל אשקלון- רוטשילד,307.02 KB,9/16/2026 3:00:00 AM
PriceFull7290027600007-002-211-20260916-030000.gz,https://pricesprodpublic.blob.core.windows.net/pricefull/PriceFull7290027600007-002-211-20260916-030000.gz?sv=2014-02-14&sr=b&sig=BZVm4bSxfN1Y2A7IMyX%2BAwg6jfIhaHsJXqvo1Gd%2BDY8%3D&se=2026-09-16T06%3A04%3A59Z&sp=r,211,211 - יוניברס כרמיאל- אזור התעשיה,445.76 KB,9/16/2026 3:00:00 AM
PriceFull7290027600007-002-214-20260916-030000.gz,https://pricesprodpublic.blob.core.windows.net/pricefull/PriceFull7290027600007-002-214-20260916-030000.gz?sv=2014-02-14&sr=b&sig=z0OQHFNKsW9V1LZP8sCmuopg%2B5ZKiWjBl9uU0aU0NHQ%3D&se=2026-09-16T06%3A04%3A59Z&sp=r,214,214 - יוניברס קרית גת- מלכי ישראל,446.97 KB,9/16/2026 3:00:00 AM
PriceFull7290027600007-002-215-20260916-030000.gz,https://pricesprodpublic.blob.core.windows.net/pricefull/PriceFull7290027600007-002-215-20260916-030000.gz?sv=2014-02-14&sr=b&sig=NGNYyvL0B3%2B88H2dVnr6HHq9%2B9zj6GUxNZPEziNZi2g%3D&se=2026-09-16T06%3A04%3A59Z&sp=r,215,215 - דיל בית שאן-ירושלים הבירה,325.61 KB,9/16/2026 3:00:00 AM
PriceFull7290027600007-002-218-20260916-030000.gz,https://pricesprodpublic.blob.core.windows.net/pricefull/PriceFull7290027600007-002-218-20260916-030000.gz?sv=2014-02-14&sr=b&sig=Q%2BXuOZeTzYYeux5xYVuA0Tert1fCgqXwCP4sSWbLUqo%3D&se=2026-09-16T06%3A04%3A59Z&sp=r,218,218 - יוניברס עפולה- יצחק רבין,444.13 KB,9/16/2026 3:00:00 AM
PriceFull7290027600007-002-222-20260916-030000.gz,https://pricesprodpublic.blob.core.windows.net/pricefull/PriceFull7290027600007-002-222-20260916-030000.gz?sv=2014-02-14&sr=b&sig=OKWOKv8eyknk%2Fl4Q2P2e25HpyDJvRhIdHxqQ5wL8PTY%3D&se=2026-09-16T06%3A04%3A59Z&sp=r,222,222 - דיל רמות ב&quot;ש ב&#39;,375.22 KB,9/16/2026 3:00:00 AM
PriceFull7290027600007-002-226-20260916-030000.gz,https://pricesprodpublic.blob.core.windows.net/pricefull/PriceFull7290027600007-002-226-20260916-030000.gz?sv=2014-02-14&sr=b&sig=1LWmLDSc4221wI1DauhzN0hWLm9iYxLVdfg7VanHiWE%3D&se=2026-09-16T06%3A05%3A10Z&sp=r,226,226 - דיל כרמיאל,332.6 KB,9/16/2026 3:00:00 AM
PriceFull7290027600007-002-227-20260916-030000.gz,https://pricesprodpublic.blob.core.windows.net/pricefull/PriceFull7290027600007-002-227-20260916-030000.gz?sv=2014-02-14&sr=b&sig=rrMaupGs%2BFFuMuMbZCviMyN%2Fyda%2BygFGfGNqPsyJCnI%3D&se=2026-09-16T06%3A05%3A10Z&sp=r,227,227 - דיל-איקאה קרית אתא,438.04 KB,9/16/2026 3:00:00 AM
PriceFull7290027600007-002-229-20260916-030000.gz,https://pricesprodpublic.blob.core.windows.net/pricefull/PriceFull7290027600007-002-229-20260916-030000.gz?sv=2014-02-14&sr=b&sig=XrpYOJCQV2wZOnWLhnyjhOSCCUU6sOribs%2Bkjwmm0D4%3D&se=2026-09-16T06%3A05%3A10Z&sp=r,229,229 - דיל ת&quot;א- יגאל אלון,414.31 KB,9/16/2026 3:00:00 AM
PriceFull7290027600007-002-238-20260916-030000.gz,https://pricesprodpublic.blob.core.windows.net/pricefull/PriceFull7290027600007-002-238-20260916-030000.gz?sv=2014-02-14&sr=b&sig=z%2BNEkcdcLJokQREhHcXlFoT6YRMlCCMSRyr2UBlPtj8%3D&se=2026-09-16T06%3A05%3A10Z&sp=r,238,238 - דיל באר יעקב,331.83 KB,9/16/2026 3:00:00 AM
PriceFull7290027600007-002-240-20260916-030000.gz,https://pricesprodpublic.blob.core.windows.net/pricefull/PriceFull7290027600007-002-240-20260916-030000.gz?sv=2014-02-14&sr=b&sig=2vUBW7sf81idb7v5v1XLDRSHskrNrGiA0ejTHRiwuYY%3D&se=2026-09-16T06%3A05%3A10Z&sp=r,240,240 - דיל רהט,279.09 KB,9/16/2026 3:00:00 AM
PriceFull7290027600007-002-241-20260916-030000.gz,https://pricesprodpublic.blob.core.windows.net/pricefull/PriceFull7290027600007-002-241-20260916-030000.gz?sv=2014-02-14&sr=b&sig=PUqYKTeSPxSc8tIPRw9lVuXDmi4NpTYo06HDhIVyyNA%3D&se=2026-09-16T06%3A05%3A10Z&sp=r,241,241 - יוניברס בני ברק איילון,453.69 KB,9/16/2026 3:00:00 AM
PriceFull7290027600007-002-244-20260916-030000.gz,https://pricesprodpublic.blob.core.windows.net/pricefull/PriceFull7290027600007-002-244-20260916-030000.gz?sv=2014-02-14&sr=b&sig=anMyVJGOsJbKO6YFi1QvU2hqUwDn1mGDDDCV3Mk38DE%3D&se=2026-09-16T06%3A05%3A10Z&sp=r,244,244 - יוניברס גלילות רמת השרון,446.83 KB,9/16/2026 3:00:00 AM
PriceFull7290027600007-002-245-20260916-030000.gz,https://pricesprodpublic.blob.core.windows.net/pricefull/PriceFull7290027600007-002-245-20260916-030000.gz?sv=2014-02-14&sr=b&sig=quY%2Bz17StiE4oyVaC8P3OPWRPeK%2BICpILKzXVYczpkY%3D&se=2026-09-16T06%3A05%3A10Z&sp=r,245,245 - דיל ירושלים- פסגת זאב,314.78 KB,9/16/2026 3:00:00 AM
PriceFull7290027600007-002-248-20260916-030000.gz,https://pricesprodpublic.blob.core.windows.net/pricefull/PriceFull7290027600007-002-248-20260916-030000.gz?sv=2014-02-14&sr=b&sig=%2Bc8VMa%2BYCmSx0wJTec1oA9sely17iH8%2BSVHNfrdi%2BFc%3D&se=2026-09-16T06%3A05%3A10Z&sp=r,248,248 - דיל ב&quot;ש- נווה מנחם,378.89 KB,9/16/2026 3:00:00 AM
PriceFull7290027600007-002-249-20260916-030000.gz,https://pricesprodpublic.blob.core.windows.net/pricefull/PriceFull7290027600007-002-249-20260916-030000.gz?sv=2014-02-14&sr=b&sig=%2BDfqc2BNrhAalzYK3Nu6HGnt3XTYrlEdADqPJ%2BHSEh8%3D&se=2026-09-16T06%3A05%3A10Z&sp=r,249,249 - דיל נתניה- פולג,448.96 KB,9/16/2026 3:00:00 AM
PriceFull7290027600007-002-250-20260916-030000.gz,https://pricesprodpublic.blob.core.windows.net/pricefull/PriceFull7290027600007-002-250-20260916-030000.gz?sv=2014-02-14&sr=b&sig=NynnlkTod1jJB%2BQeWM%2FkD2EoOP3IbR8f%2B8RyfbR35%2FI%3D&se=2026-09-16T06%3A05%3A10Z&sp=r,250,250 - קריית שמונה,380.9 KB,9/16/2026 3:00:00 AM
PriceFull7290027600007-002-251-20260916-030000.gz,https://pricesprodpublic.blob.core.windows.net/pricefull/PriceFull7290027600007-002-251-20260916-030000.gz?sv=2014-02-14&sr=b&sig=dnor6px16OWISliPphg0QC0g8p574cg5bjlTYl7sMmg%3D&se=2026-09-16T06%3A05%3A10Z&sp=r,251,251 - יוניברס עפולה- כורש,427.01 KB,9/16/2026 3:00:00 AM
PriceFull7290027600007-002-254-20260916-030000.gz,https://pricesprodpublic.blob.core.windows.net/pricefull/PriceFull7290027600007-002-254-20260916-030000.gz?sv=2014-02-14&sr=b&sig=ak9aN2eHcTff1Awgigcgafsih06UATlpzE5Q1LkAA80%3D&se=2026-09-16T06%3A05%3A10Z&sp=r,254,254 - דיל כרמי גת,314.3 KB,9/16/2026 3:00:00 AM
PriceFull7290027600007-002-255-20260916-030000.gz,https://pricesprodpublic.blob.core.windows.net/pricefull/PriceFull7290027600007-002-255-20260916-030000.gz?sv=2014-02-14&sr=b&sig=RgEeIibmTh95Rrqu98tN8gaPN4xLfrTRysYlVoJkMY4%3D&se=2026-09-16T06%3A05%3A10Z&sp=r,255,255 - דיל כפר תבור,330.93 KB,9/16/2026 3:00:00 AM
PriceFull7290027600007-002-259-20260916-030000.gz,https://pricesprodpublic.blob.core.windows.net/pricefull/PriceFull7290027600007-002-259-20260916-030000.gz?sv=2014-02-14&sr=b&sig=SzVKL7dQCEeEb94xFGl1HMF3YapfVNGgLy4VYV%2B2DoE%3D&se=2026-09-16T06%3A05%3A10Z&sp=r,259,259 - יוניברס גזית כ&quot;ס- ויצמן,437.01 KB,9/16/2026 3:00:00 AM
PriceFull7290027600007-002-260-20260916-030000.gz,https://pricesprodpublic.blob.core.windows.net/pricefull/PriceFull7290027600007-002-260-20260916-030000.gz?sv=2014-02-14&sr=b&sig=evGJJjW4I%2F4%2BKq6NYenAFmo35ELbd7I5gfhlLfhY%2FLU%3D&se=2026-09-16T06%3A05%3A10Z&sp=r,260,260 - דיל ירושלים-קניון תלפיות,436.8 KB,9/16/2026 3:00:00 AM
PriceFull7290027600007-002-267-20260916-030000.gz,https://pricesprodpublic.blob.core.windows.net/pricefull/PriceFull7290027600007-002-267-20260916-030000.gz?sv=2014-02-14&sr=b&sig=eBad%2BsZLQ%2FuJimIYqkybHlh233AYBIgRJm5Jwy%2BMFvQ%3D&se=2026-09-16T06%3A05%3A10Z&sp=r,267,267 - דיל קצרין- חרמון,409.43 KB,9/16/2026 3:00:00 AM
PriceFull7290027600007-002-281-20260916-030000.gz,https://pricesprodpublic.blob.core.windows.net/pricefull/PriceFull7290027600007-002-281-20260916-030000.gz?sv=2014-02-14&sr=b&sig=u4KVwg9%2BsWANtza837KahDg4iv9KlW1RspyaC4k7cWw%3D&se=2026-09-16T06%3A05%3A10Z&sp=r,281,281 - דיל מגדל העמק- המדע,337.78 KB,9/16/2026 3:00:00 AM
PriceFull7290027600007-002-282-20260916-030000.gz,https://pricesprodpublic.blob.core.windows.net/pricefull/PriceFull7290027600007-002-282-20260916-030000.gz?sv=2014-02-14&sr=b&sig=U8qtPu8S0v1XkcJ2GBxaSWUs3bSK1O9UfdCvVYvMF7E%3D&se=2026-09-16T06%3A05%3A10Z&sp=r,282,282 - דיל צומת גבעת מרדכי,408.5 KB,9/16/2026 3:00:00 AM
PriceFull7290027600007-002-283-20260916-030000.gz,https://pricesprodpublic.blob.core.windows.net/pricefull/PriceFull7290027600007-002-283-20260916-030000.gz?sv=2014-02-14&sr=b&sig=XFlKtc9ND6ADKFdUxGuYYPVtLz%2Fl47%2F6BbzhxyIZ3No%3D&se=2026-09-16T06%3A05%3A10Z&sp=r,283,283 - יוניברס קרית עקרון- ביל&quot;ו,435.88 KB,9/16/2026 3:00:00 AM
PriceFull7290027600007-002-290-20260916-030000.gz,https://pricesprodpublic.blob.core.windows.net/pricefull/PriceFull7290027600007-002-290-20260916-030000.gz?sv=2014-02-14&sr=b&sig=rN2bLwjdKcXdp8V2jUFwETSAvRjdpsoCfZutQ39ApmY%3D&se=2026-09-16T06%3A05%3A27Z&sp=r,290,290 - דיל  פ&quot;ת- יכין סנטר,450.13 KB,9/16/2026 3:00:00 AM
PriceFull7290027600007-002-312-20260916-030000.gz,https://pricesprodpublic.blob.core.windows.net/pricefull/PriceFull7290027600007-002-312-20260916-030000.gz?sv=2014-02-14&sr=b&sig=ytagTxiWF6OUa9wVuZ92Q%2BbyMAbO5WGsT%2BzmEwFc6ZI%3D&se=2026-09-16T06%3A05%3A27Z&sp=r,312,312 - דיל חיפה- קרית אליעזר,386.39 KB,9/16/2026 3:00:00 AM
PriceFull7290027600007-002-320-20260916-030000.gz,https://pricesprodpublic.blob.core.windows.net/pricefull/PriceFull7290027600007-002-320-20260916-030000.gz?sv=2014-02-14&sr=b&sig=WTbAe0Gsdm9B4jDWtPcjtjp%2FpXKuVuiKc3QhP50tR7E%3D&se=2026-09-16T06%3A05%3A27Z&sp=r,320,320 - דיל האגס,312.12 KB,9/16/2026 3:00:00 AM
PriceFull7290027600007-002-339-20260916-030000.gz,https://pricesprodpublic.blob.core.windows.net/pricefull/PriceFull7290027600007-002-339-20260916-030000.gz?sv=2014-02-14&sr=b&sig=5kC72%2Fm5Wq57I%2BO9OK3JzdNvnR9inm5MGgQoQZG1Pkk%3D&se=2026-09-16T06%3A05%3A27Z&sp=r,339,339 - דיל טבריה- העמקים,418.28 KB,9/16/2026 3:00:00 AM
PriceFull7290027600007-002-342-20260916-030000.gz,https://pricesprodpublic.blob.core.windows.net/pricefull/PriceFull7290027600007-002-342-20260916-030000.gz?sv=2014-02-14&sr=b&sig=qrbtxZGJasELJ0UpxeFuQ6sfiiNHvzUe4xoGO15Fb6s%3D&se=2026-09-16T06%3A05%3A27Z&sp=r,342,342 - דיל כרמיאל- קניון לב,341.17 KB,9/16/2026 3:00:00 AM
PriceFull7290027600007-002-344-20260916-030000.gz,https://pricesprodpublic.blob.core.windows.net/pricefull/PriceFull7290027600007-002-344-20260916-030000.gz?sv=2014-02-14&sr=b&sig=0cM7hGbRqQ7A%2BvDbiuLOoeYdiZDQ%2FZ0MzLEMcTQGi6w%3D&se=2026-09-16T06%3A05%3A27Z&sp=r,344,344 - דיל מעלות- דרך האלוף עוז,381.26 KB,9/16/2026 3:00:00 AM
PriceFull7290027600007-002-350-20260916-030000.gz,https://pricesprodpublic.blob.core.windows.net/pricefull/PriceFull7290027600007-002-350-20260916-030000.gz?sv=2014-02-14&sr=b&sig=iVZQ%2F90yFPjm19%2FB89f%2BH0xREosdg3s4AbTyEtFdoac%3D&se=2026-09-16T06%3A05%3A27Z&sp=r,350,350 - דיל גבעת אולגה-הרב ניסים,354.88 KB,9/16/2026 3:00:00 AM
PriceFull7290027600007-002-359-20260916-030000.gz,https://pricesprodpublic.blob.core.windows.net/pricefull/PriceFull7290027600007-002-359-20260916-030000.gz?sv=2014-02-14&sr=b&sig=IqLbZObBOJhBKYMbgI5cqwnP0Ks%2Bb6E0Yr5HXt7IGKY%3D&se=2026-09-16T06%3A05%3A27Z&sp=r,359,359 - דיל חיפה- גרנד קניון,414.56 KB,9/16/2026 3:00:00 AM
PriceFull7290027600007-002-361-20260916-030000.gz,https://pricesprodpublic.blob.core.windows.net/pricefull/PriceFull7290027600007-002-361-20260916-030000.gz?sv=2014-02-14&sr=b&sig=T7H0SiE%2FK9kIRocgSg8ZUjbLNTNlUyXIXGsLKN2f4YE%3D&se=2026-09-16T06%3A05%3A27Z&sp=r,361,361 - דיל מגדל העמק- א ת דרומי,389.55 KB,9/16/2026 3:00:00 AM
PriceFull7290027600007-002-396-20260916-030000.gz,https://pricesprodpublic.blob.core.windows.net/pricefull/PriceFull7290027600007-002-396-20260916-030000.gz?sv=2014-02-14&sr=b&sig=LC5F4AMsNK3%2Bokxb1BAS7%2FhpnjjTcQcP%2BiF2vNa9s0w%3D&se=2026-09-16T06%3A05%3A27Z&sp=r,396,396 - דיל הקדר נתניה,407.81 KB,9/16/2026 3:00:00 AM
PriceFull7290027600007-002-413-20260916-034000.gz,https://pricesprodpublic.blob.core.windows.net/pricefull/PriceFull7290027600007-002-413-20260916-034000.gz?sv=2014-02-14&sr=b&sig=%2BQujKL%2FCD3atGemHe9SiuHLQXP0iDvxJXaI8O9qmkQg%3D&se=2026-09-16T06%3A05%3A27Z&sp=r,413,413 - שופרסל ONLINE,623.84 KB,9/16/2026 3:40:00 AM
PriceFull7290027600007-002-678-20260916-030000.gz,https://pricesprodpublic.blob.core.windows.net/pricefull/PriceFull7290027600007-002-678-20260916-030000.gz?sv=2014-02-14&sr=b&sig=GvQB6qoUTYRGBZaG6qxtuDhUCezxRIcTelATw1ru94E%3D&se=2026-09-16T06%3A05%3A27Z&sp=r,678,678 - BE עפולה,215.09 KB,9/16/2026 3:00:00 AM
PriceFull7290027600007-002-790-20260916-030000.gz,https://pricesprodpublic.blob.core.windows.net/pricefull/PriceFull7290027600007-002-790-20260916-030000.gz?sv=2014-02-14&sr=b&sig=dNJvyaw%2FZBpntm6mlRf%2ByWeZQkVHIrLbgyfhrG%2Bo9kY%3D&se=2026-09-16T06%3A05%3A27Z&sp=r,790,790 - דיל רמלה,308.15 KB,9/16/2026 3:00:00 AM
PriceFull7290027600007-002-854-20260916-030000.gz,https://pricesprodpublic.blob.core.windows.net/pricefull/PriceFull7290027600007-002-854-20260916-030000.gz?sv=2014-02-14&sr=b&sig=1Hf74BtKw%2Bs62VEt814UfS9VQcVBSONP%2BnITQqTQfbU%3D&se=2026-09-16T06%3A05%3A27Z&sp=r,854,854 - דיל גבעת אלונים,295.94 KB,9/16/2026 3:00:00 AM
PriceFull7290027600007-003-176-20260916-030000.gz,https://pricesprodpublic.blob.core.windows.net/pricefull/PriceFull7290027600007-003-176-20260916-030000.gz?sv=2014-02-14&sr=b&sig=KOeRtwj7Rw9czZQOlrCXKiOJlGUjnjzVGTftaIhLRjg%3D&se=2026-09-16T06%3A05%3A27Z&sp=r,176,176 - שערי רווחה ירושלים,496.58 KB,9/16/2026 3:00:00 AM
PriceFull7290027600007-003-448-20260916-030000.gz,https://pricesprodpublic.blob.core.windows.net/pricefull/PriceFull7290027600007-003-448-20260916-030000.gz?sv=2014-02-14&sr=b&sig=qzHBc5YrcPufu7IqFPKsCfLaQYlI%2FSzVu4BR6Q5uU18%3D&se=2026-09-16T06%3A05%3A27Z&sp=r,448,448 - שערי רווחה,433.38 KB,9/16/2026 3:00:00 AM
PriceFull7290027600007-005-026-20260916-030000.gz,https://pricesprodpublic.blob.core.windows.net/pricefull/PriceFull7290027600007-005-026-20260916-030000.gz?sv=2014-02-14&sr=b&sig=1HolsDqKw1Caa3lbELNuQOM8HyQEhqsiXw%2F0LGsXtt4%3D&se=2026-09-16T06%3A05%3A27Z&sp=r,26,26 - BE בלוך גבעתיים,196.96 KB,9/16/2026 3:00:00 AM
PriceFull7290027600007-005-041-20260916-030000.gz,https://pricesprodpublic.blob.core.windows.net/pricefull/PriceFull7290027600007-005-041-20260916-030000.gz?sv=2014-02-14&sr=b&sig=ONqagV4kxUZfjG7Wf5Qcwy6Fj1fkcBZUw%2BJlafCs1%2F0%3D&se=2026-09-16T06%3A05%3A27Z&sp=r,41,41 - BE דיזנגוף סנטר,255.53 KB,9/16/2026 3:00:00 AM
PriceFull7290027600007-005-112-20260916-030000.gz,https://pricesprodpublic.blob.core.windows.net/pricefull/PriceFull7290027600007-005-112-20260916-030000.gz?sv=2014-02-14&sr=b&sig=8Bck9nj8eiRXs1ZScgijfJqqdkvu44FnobvW%2FGRYBz4%3D&se=2026-09-16T06%3A05%3A27Z&sp=r,112,112 - BE קרית מוצקין,178.05 KB,9/16/2026 3:00:00 AM
PriceFull7290027600007-005-145-20260916-030000.gz,https://pricesprodpublic.blob.core.windows.net/pricefull/PriceFull7290027600007-005-145-20260916-030000.gz?sv=2014-02-14&sr=b&sig=zw13AeX7huw4Hs0KXcXzFL800ZdI%2BGgMqu%2BFtnCY5Yc%3D&se=2026-09-16T06%3A05%3A27Z&sp=r,145,145 - BE נתיבות,211.68 KB,9/16/2026 3:00:00 AM
PriceFull7290027600007-005-172-20260916-030000.gz,https://pricesprodpublic.blob.core.windows.net/pricefull/PriceFull7290027600007-005-172-20260916-030000.gz?sv=2014-02-14&sr=b&sig=uHs2PlSxoGdkhNKD2NTU6fIdydsNAvfkyJ%2BTcBwSPk4%3D&se=2026-09-16T06%3A05%3A50Z&sp=r,172,172 - BE באר יעקב,187.43 KB,9/16/2026 3:00:00 AM
PriceFull7290027600007-005-178-20260916-030000.gz,https://pricesprodpublic.blob.core.windows.net/pricefull/PriceFull7290027600007-005-178-20260916-030000.gz?sv=2014-02-14&sr=b&sig=2Xe%2FHCwM5Kil18jeKZV5Pkxh6w%2FavCi2bLgpZQQ%2B6vc%3D&se=2026-09-16T06%3A05%3A50Z&sp=r,178,178 - BE סגולה פתח תקווה,178.93 KB,9/16/2026 3:00:00 AM
PriceFull7290027600007-005-198-20260916-030000.gz,https://pricesprodpublic.blob.core.windows.net/pricefull/PriceFull7290027600007-005-198-20260916-030000.gz?sv=2014-02-14&sr=b&sig=yBn8VWzdCzJYTbCQ0gUA6CU8zXMAdxcDfibhyLWke6c%3D&se=2026-09-16T06%3A05%3A50Z&sp=r,198,198 - BE פארם יהלום נתניה,208.65 KB,9/16/2026 3:00:00 AM
PriceFull7290027600007-005-201-20260916-030000.gz,https://pricesprodpublic.blob.core.windows.net/pricefull/PriceFull7290027600007-005-201-20260916-030000.gz?sv=2014-02-14&sr=b&sig=yMgN16UuYuazvWDQpjlI2Lzmx4dv0d8UbNI%2BiI5heP0%3D&se=2026-09-16T06%3A05%3A50Z&sp=r,201,201 - BE בריגה,203.95 KB,9/16/2026 3:00:00 AM
PriceFull7290027600007-005-233-20260916-030000.gz,https://pricesprodpublic.blob.core.windows.net/pricefull/PriceFull7290027600007-005-233-20260916-030000.gz?sv=2014-02-14&sr=b&sig=XjBb5P9zsuLG4msxObWirbho4PVU29MocK%2BmuTINnPc%3D&se=2026-09-16T06%3A05%3A50Z&sp=r,233,233 - BE באר שבע,160.69 KB,9/16/2026 3:00:00 AM
PriceFull7290027600007-005-242-20260916-030000.gz,https://pricesprodpublic.blob.core.windows.net/pricefull/PriceFull7290027600007-005-242-20260916-030000.gz?sv=2014-02-14&sr=b&sig=YPK9Rahwr5sipWU3R%2Fgt8LoW5jn1eKNTAPvEwK%2B4YPg%3D&se=2026-09-16T06%3A05%3A50Z&sp=r,242,242 - BE ויוה חדרה,175.21 KB,9/16/2026 3:00:00 AM
PriceFull7290027600007-005-252-20260916-030000.gz,https://pricesprodpublic.blob.core.windows.net/pricefull/PriceFull7290027600007-005-252-20260916-030000.gz?sv=2014-02-14&sr=b&sig=Ye2X5z3nbU5%2BWx%2Fne7BuE23hhgdWDeKyYLybR%2FUecBE%3D&se=2026-09-16T06%3A05%3A50Z&sp=r,252,252 - BE עין שמר,240.31 KB,9/16/2026 3:00:00 AM
PriceFull7290027600007-005-256-20260916-030000.gz,https://pricesprodpublic.blob.core.windows.net/pricefull/PriceFull7290027600007-005-256-20260916-030000.gz?sv=2014-02-14&sr=b&sig=Tbiy9jZYA1sb771TzdjhY26aJPpNUUE1UfgDUOH%2BWAo%3D&se=2026-09-16T06%3A05%3A50Z&sp=r,256,256 - BE נס ציונה,214.55 KB,9/16/2026 3:00:00 AM
PriceFull7290027600007-005-270-20260916-030000.gz,https://pricesprodpublic.blob.core.windows.net/pricefull/PriceFull7290027600007-005-270-20260916-030000.gz?sv=2014-02-14&sr=b&sig=GYadKKGvJR1EN4xrL1fSPXLDlxKbQQRIUqnIjxzQPkA%3D&se=2026-09-16T06%3A05%3A50Z&sp=r,270,270 - BE חולון הפלד,220.84 KB,9/16/2026 3:00:00 AM
PriceFull7290027600007-005-298-20260916-030000.gz,https://pricesprodpublic.blob.core.windows.net/pricefull/PriceFull7290027600007-005-298-20260916-030000.gz?sv=2014-02-14&sr=b&sig=ZJXXgjAzcVRY%2B8HAiiQDg7mSEGqPUbCbxxkJ8Bz%2BAYI%3D&se=2026-09-16T06%3A05%3A50Z&sp=r,298,298 - BE אמות באר שבע,182.67 KB,9/16/2026 3:00:00 AM
PriceFull7290027600007-005-322-20260916-030000.gz,https://pricesprodpublic.blob.core.windows.net/pricefull/PriceFull7290027600007-005-322-20260916-030000.gz?sv=2014-02-14&sr=b&sig=UxyvHdO8I3oSbqT22L%2FV9kLahWVp14G1Dw6XIRjUS2k%3D&se=2026-09-16T06%3A05%3A50Z&sp=r,322,322 - גן העיר תל אביב,221.95 KB,9/16/2026 3:00:00 AM
PriceFull7290027600007-005-345-20260916-030000.gz,https://pricesprodpublic.blob.core.windows.net/pricefull/PriceFull7290027600007-005-345-20260916-030000.gz?sv=2014-02-14&sr=b&sig=xwXCUlNF0qmHyrZB62UVTkPuRNHPDP8Kmkmhf80Ef38%3D&se=2026-09-16T06%3A05%3A50Z&sp=r,345,345 - BE מידטאון,201.71 KB,9/16/2026 3:00:00 AM
PriceFull7290027600007-005-352-20260916-030000.gz,https://pricesprodpublic.blob.core.windows.net/pricefull/PriceFull7290027600007-005-352-20260916-030000.gz?sv=2014-02-14&sr=b&sig=dxA0qqycL9t4GDTLak8ge1yJH7S3dm%2Bp%2Fw3JHcR1%2BWs%3D&se=2026-09-16T06%3A05%3A50Z&sp=r,352,352 - Be טייבה,225.84 KB,9/16/2026 3:00:00 AM
PriceFull7290027600007-005-373-20260916-030000.gz,https://pricesprodpublic.blob.core.windows.net/pricefull/PriceFull7290027600007-005-373-20260916-030000.gz?sv=2014-02-14&sr=b&sig=izQesMVGudB0BXCtlp7qjAxra1XcOBAluyvSZYezp64%3D&se=2026-09-16T06%3A05%3A50Z&sp=r,373,373 - Be פארם אור יהודה,133.54 KB,9/16/2026 3:00:00 AM
PriceFull7290027600007-005-392-20260916-030000.gz,https://pricesprodpublic.blob.core.windows.net/pricefull/PriceFull7290027600007-005-392-20260916-030000.gz?sv=2014-02-14&sr=b&sig=fjvNDgVbTxURh6eRutqw3UCNGAEakzEY0qv3oBfzT4I%3D&se=2026-09-16T06%3A05%3A50Z&sp=r,392,392 - BE שילת,179.65 KB,9/16/2026 3:00:00 AM
PriceFull7290027600007-005-437-20260916-030000.gz,https://pricesprodpublic.blob.core.windows.net/pricefull/PriceFull7290027600007-005-437-20260916-030000.gz?sv=2014-02-14&sr=b&sig=c1q0V4zzuPU1cTkVOPMszK9dQpPwjL9ljEGlKrguM3o%3D&se=2026-09-16T06%3A05%3A50Z&sp=r,437,437 - BE אייס מול אילת,347.55 KB,9/16/2026 3:00:00 AM
PriceFull7290027600007-005-476-20260916-030000.gz,https://pricesprodpublic.blob.core.windows.net/pricefull/PriceFull7290027600007-005-476-20260916-030000.gz?sv=2014-02-14&sr=b&sig=r6UvZOCkAuxcbxCxwrMBJ3SRhPkE4J4O75lJEbv2E00%3D&se=2026-09-16T06%3A05%3A50Z&sp=r,476,476 - BE הוד השרון כיכר המושבה,218.67 KB,9/16/2026 3:00:00 AM
PriceFull7290027600007-005-482-20260916-030000.gz,https://pricesprodpublic.blob.core.windows.net/pricefull/PriceFull7290027600007-005-482-20260916-030000.gz?sv=2014-02-14&sr=b&sig=FHkVu0k8gws1F8YXDgmVg%2F9zsB9E7EgQVkl7M%2FKE5hI%3D&se=2026-09-16T06%3A05%3A50Z&sp=r,482,482 - BE רמלה נווה דורון,161.78 KB,9/16/2026 3:00:00 AM
PriceFull7290027600007-005-485-20260916-030000.gz,https://pricesprodpublic.blob.core.windows.net/pricefull/PriceFull7290027600007-005-485-20260916-030000.gz?sv=2014-02-14&sr=b&sig=AcygrNTO%2FRBstdr7k0B3HC6Y5urC0nbeB0jj1VcEQXM%3D&se=2026-09-16T06%3A05%3A50Z&sp=r,485,485 - BE אשדוד בלה,189.44 KB,9/16/2026 3:00:00 AM
PriceFull7290027600007-005-507-20260916-030000.gz,https://pricesprodpublic.blob.core.windows.net/pricefull/PriceFull7290027600007-005-507-20260916-030000.gz?sv=2014-02-14&sr=b&sig=AoFjbGdgPQYNbR%2BTtUy2FtrOLIlf8xQD0%2F1XLRLXscg%3D&se=2026-09-16T06%3A05%3A50Z&sp=r,507,507 - BE פארם נאות שמיר,182.73 KB,9/16/2026 3:00:00 AM
PriceFull7290027600007-005-518-20260916-030000.gz,https://pricesprodpublic.blob.core.windows.net/pricefull/PriceFull7290027600007-005-518-20260916-030000.gz?sv=2014-02-14&sr=b&sig=gIIKiUc8YHn6WwAPPqYflv%2BKlMMsTIyBwshpv4wVGbw%3D&se=2026-09-16T06%3A06%3A08Z&sp=r,518,518 - Be כפר קרע,180.31 KB,9/16/2026 3:00:00 AM
PriceFull7290027600007-005-601-20260916-030000.gz,https://pricesprodpublic.blob.core.windows.net/pricefull/PriceFull7290027600007-005-601-20260916-030000.gz?sv=2014-02-14&sr=b&sig=LHgzsf7LN%2FhGwMN3aj%2FqSfPAYNJfZW1nPgEGjI7UWhA%3D&se=2026-09-16T06%3A06%3A08Z&sp=r,601,601 - BE פרדס חנה,190.58 KB,9/16/2026 3:00:00 AM
PriceFull7290027600007-005-602-20260916-030000.gz,https://pricesprodpublic.blob.core.windows.net/pricefull/PriceFull7290027600007-005-602-20260916-030000.gz?sv=2014-02-14&sr=b&sig=ZQQVnEtw2ZpDxYntItVZCX%2Ff80E1fgf%2Fgx8rID5C3jM%3D&se=2026-09-16T06%3A06%3A08Z&sp=r,602,602 - BE (פ.י) אשקלון מרינה,167.63 KB,9/16/2026 3:00:00 AM
PriceFull7290027600007-005-613-20260916-030000.gz,https://pricesprodpublic.blob.core.windows.net/pricefull/PriceFull7290027600007-005-613-20260916-030000.gz?sv=2014-02-14&sr=b&sig=3ty6Qzz%2BNF1P1%2FOBFWp0y2kRySRLhzUrlW%2BZnHb%2BoA0%3D&se=2026-09-16T06%3A06%3A08Z&sp=r,613,613 - BE נהריה,199.77 KB,9/16/2026 3:00:00 AM
PriceFull7290027600007-005-614-20260916-030000.gz,https://pricesprodpublic.blob.core.windows.net/pricefull/PriceFull7290027600007-005-614-20260916-030000.gz?sv=2014-02-14&sr=b&sig=CfCKGJZx9yuAzCLZimUGPBQnjKeop3IzTLGFHDLq%2FV0%3D&se=2026-09-16T06%3A06%3A08Z&sp=r,614,614 - BE נתניה,190.51 KB,9/16/2026 3:00:00 AM
PriceFull7290027600007-005-615-20260916-034000.gz,https://pricesprodpublic.blob.core.windows.net/pricefull/PriceFull7290027600007-005-615-20260916-034000.gz?sv=2014-02-14&sr=b&sig=ZJNAjGA6BO9EICu8manDlNuLGTUDUlAfNaiLES73uxk%3D&se=2026-09-16T06%3A06%3A08Z&sp=r,615,615 - BE כפר סבא,275.84 KB,9/16/2026 3:40:00 AM
PriceFull7290027600007-005-617-20260818-030000.gz,https://pricesprodpublic.blob.core.windows.net/pricefull/PriceFull7290027600007-005-617-20260818-030000.gz?sv=2014-02-14&sr=b&sig=TnQmtTxN2zsGNjY3dHh97mQcr9XVDkVjFu0lro7DXkk%3D&se=2026-09-16T06%3A06%3A08Z&sp=r,617,,154.58 KB,8/18/2026 3:00:00 AM
PriceFull7290027600007-005-618-20260916-030000.gz,https://pricesprodpublic.blob.core.windows.net/pricefull/PriceFull7290027600007-005-618-20260916-030000.gz?sv=2014-02-14&sr=b&sig=vkzLYyRlHZO9GRaInOIFCD%2BgU%2FFcCt%2BVC9thGk0e2Ms%3D&se=2026-09-16T06%3A06%3A08Z&sp=r,618,618 - BE ראשון לציון,238.37 KB,9/16/2026 3:00:00 AM
PriceFull7290027600007-005-620-20260916-030000.gz,https://pricesprodpublic.blob.core.windows.net/pricefull/PriceFull7290027600007-005-620-20260916-030000.gz?sv=2014-02-14&sr=b&sig=hGmSJ80QKsWItr5ixDskmwNh5YxWr2f3pQCJDpdUEgw%3D&se=2026-09-16T06%3A06%3A08Z&sp=r,620,620 - BE מלכת שבא אילת,289.91 KB,9/16/2026 3:00:00 AM
PriceFull7290027600007-005-621-20260916-030000.gz,https://pricesprodpublic.blob.core.windows.net/pricefull/PriceFull7290027600007-005-621-20260916-030000.gz?sv=2014-02-14&sr=b&sig=djexH%2FZlnT%2Fy6R5krMBy7GFpHVkq1wQi5vdKCfcAMaY%3D&se=2026-09-16T06%3A06%3A08Z&sp=r,621,621 - BE סינמה סיטי נתניה,214.57 KB,9/16/2026 3:00:00 AM
PriceFull7290027600007-005-623-20260916-030000.gz,https://pricesprodpublic.blob.core.windows.net/pricefull/PriceFull7290027600007-005-623-20260916-030000.gz?sv=2014-02-14&sr=b&sig=M2tbENOcENCOV0i0cUAcIjJ69mIsae3PVpfc3%2Fh58To%3D&se=2026-09-16T06%3A06%3A08Z&sp=r,623,623 - BE סביונים,233.72 KB,9/16/2026 3:00:00 AM
PriceFull7290027600007-005-631-20260916-030000.gz,https://pricesprodpublic.blob.core.windows.net/pricefull/PriceFull7290027600007-005-631-20260916-030000.gz?sv=2014-02-14&sr=b&sig=2T%2F6FXqQ3TbojiXhunqZ7f6JF9WPyFqiD08gNSFoyu8%3D&se=2026-09-16T06%3A06%3A08Z&sp=r,631,631 - סניף וולפסון,226.83 KB,9/16/2026 3:00:00 AM
PriceFull7290027600007-005-633-20260916-030000.gz,https://pricesprodpublic.blob.core.windows.net/pricefull/PriceFull7290027600007-005-633-20260916-030000.gz?sv=2014-02-14&sr=b&sig=qt8Jmawvlo1wHSEcnk4YJHJL8YUzTlFUXXtYjnmaQZo%3D&se=2026-09-16T06%3A06%3A08Z&sp=r,633,633 - BE נשר תל-חנן,231.52 KB,9/16/2026 3:00:00 AM
PriceFull7290027600007-005-634-20260916-030000.gz,https://pricesprodpublic.blob.core.windows.net/pricefull/PriceFull7290027600007-005-634-20260916-030000.gz?sv=2014-02-14&sr=b&sig=PZZRaevyZtD9aoCbjGo5wr14B7erh9JEaqQGylf49KU%3D&se=2026-09-16T06%3A06%3A08Z&sp=r,634,634 - BE בת ים,263.38 KB,9/16/2026 3:00:00 AM
PriceFull7290027600007-005-635-20260916-030000.gz,https://pricesprodpublic.blob.core.windows.net/pricefull/PriceFull7290027600007-005-635-20260916-030000.gz?sv=2014-02-14&sr=b&sig=9Pi%2FPrRI%2FdhV5d1G5vMS3XG2sdOcUSfMJ6Yb4bx8sFw%3D&se=2026-09-16T06%3A06%3A08Z&sp=r,635,635 - BE 16 ראש-פינה,206.63 KB,9/16/2026 3:00:00 AM
PriceFull7290027600007-005-637-20260916-030000.gz,https://pricesprodpublic.blob.core.windows.net/pricefull/PriceFull7290027600007-005-637-20260916-030000.gz?sv=2014-02-14&sr=b&sig=KUt%2FQ1DWBszlVmQV4vDOikP94C9tRKK1PRnfezh310c%3D&se=2026-09-16T06%3A06%3A08Z&sp=r,637,637 - BE רעננה,206.18 KB,9/16/2026 3:00:00 AM
PriceFull7290027600007-005-638-20260916-030000.gz,https://pricesprodpublic.blob.core.windows.net/pricefull/PriceFull7290027600007-005-638-20260916-030000.gz?sv=2014-02-14&sr=b&sig=5ytAsuECgMmDAe%2BspHnRpmgDrIkCPUTSOwMTME7GmMk%3D&se=2026-09-16T06%3A06%3A08Z&sp=r,638,638 - BE   משמר השרון,256.6 KB,9/16/2026 3:00:00 AM
PriceFull7290027600007-005-639-20260916-030000.gz,https://pricesprodpublic.blob.core.windows.net/pricefull/PriceFull7290027600007-005-639-20260916-030000.gz?sv=2014-02-14&sr=b&sig=hsPu8IXrnQEwMPl4L%2FELwigWofon%2F83BsROfoAI%2BJJM%3D&se=2026-09-16T06%3A06%3A08Z&sp=r,639,639 - BE אריאל,249.15 KB,9/16/2026 3:00:00 AM
PriceFull7290027600007-005-640-20260916-030000.gz,https://pricesprodpublic.blob.core.windows.net/pricefull/PriceFull7290027600007-005-640-20260916-030000.gz?sv=2014-02-14&sr=b&sig=uDgG%2FFbN3BOzaHlLYgerhpBrSWsX7NI6rA7vATHxwfs%3D&se=2026-09-16T06%3A06%3A08Z&sp=r,640,640 - BE דלית אל כרמל,194.45 KB,9/16/2026 3:00:00 AM
PriceFull7290027600007-005-641-20260916-030000.gz,https://pricesprodpublic.blob.core.windows.net/pricefull/PriceFull7290027600007-005-641-20260916-030000.gz?sv=2014-02-14&sr=b&sig=8XXSs9cfrFvTrO9s05O9pb%2FYScVsy%2B5O4MPg5uCXNK4%3D&se=2026-09-16T06%3A06%3A08Z&sp=r,641,641 - BE גבעתיים,174.18 KB,9/16/2026 3:00:00 AM
PriceFull7290027600007-005-642-20260916-030000.gz,https://pricesprodpublic.blob.core.windows.net/pricefull/PriceFull7290027600007-005-642-20260916-030000.gz?sv=2014-02-14&sr=b&sig=7LJLi0P7HkQR1kg%2F981F1UtDTktEJVAMxGR9TnZbVeo%3D&se=2026-09-16T06%3A06%3A29Z&sp=r,642,642 - BE אלונים- טבעון,213.77 KB,9/16/2026 3:00:00 AM
PriceFull7290027600007-005-643-20260916-030000.gz,https://pricesprodpublic.blob.core.windows.net/pricefull/PriceFull7290027600007-005-643-20260916-030000.gz?sv=2014-02-14&sr=b&sig=fDa%2Fa3GtecnI1lwSXJ1OsyV%2BCBH%2FERD9rTNwDPSxprQ%3D&se=2026-09-16T06%3A06%3A29Z&sp=r,643,643 - BEפתח תקוה,262.68 KB,9/16/2026 3:00:00 AM
PriceFull7290027600007-005-645-20260916-030000.gz,https://pricesprodpublic.blob.core.windows.net/pricefull/PriceFull7290027600007-005-645-20260916-030000.gz?sv=2014-02-14&sr=b&sig=5xjKdICVzlZ6iIahYmCr6ydpPdv54AdEForz7zi%2Beck%3D&se=2026-09-16T06%3A06%3A29Z&sp=r,645,645 - BE גבעת שמואל,250.11 KB,9/16/2026 3:00:00 AM
PriceFull7290027600007-005-648-20260916-030000.gz,https://pricesprodpublic.blob.core.windows.net/pricefull/PriceFull7290027600007-005-648-20260916-030000.gz?sv=2014-02-14&sr=b&sig=z%2FlsUkgPUutBd0wSl9UcmucNolzjfhY6saZ9muwVh4E%3D&se=2026-09-16T06%3A06%3A29Z&sp=r,648,648 - BE מאיר-כפר סבא,196.58 KB,9/16/2026 3:00:00 AM
PriceFull7290027600007-005-649-20260916-030000.gz,https://pricesprodpublic.blob.core.windows.net/pricefull/PriceFull7290027600007-005-649-20260916-030000.gz?sv=2014-02-14&sr=b&sig=iRmO0S9JGjx22bb4ggbyKVHfAFMCqEokU%2BKEUIBs20s%3D&se=2026-09-16T06%3A06%3A29Z&sp=r,649,649 - BE עכו,193.6 KB,9/16/2026 3:00:00 AM
PriceFull7290027600007-005-650-20260916-030000.gz,https://pricesprodpublic.blob.core.windows.net/pricefull/PriceFull7290027600007-005-650-20260916-030000.gz?sv=2014-02-14&sr=b&sig=4NJ4SLy8ae7Lvt86Gf9u1DtelAqf6uTATbbWuS%2FxB7w%3D&se=2026-09-16T06%3A06%3A29Z&sp=r,650,650 - BE חיפה,288.7 KB,9/16/2026 3:00:00 AM
PriceFull7290027600007-005-651-20260916-030000.gz,https://pricesprodpublic.blob.core.windows.net/pricefull/PriceFull7290027600007-005-651-20260916-030000.gz?sv=2014-02-14&sr=b&sig=aKzyrkM9YADVlru4r9Gzk727Is%2BrBtyaN%2F7jDjafpj4%3D&se=2026-09-16T06%3A06%3A29Z&sp=r,651,651 - BE דרורים,236.03 KB,9/16/2026 3:00:00 AM
PriceFull7290027600007-005-652-20260916-030000.gz,https://pricesprodpublic.blob.core.windows.net/pricefull/PriceFull7290027600007-005-652-20260916-030000.gz?sv=2014-02-14&sr=b&sig=Ez4PpsRVeGAbAbBB8%2BOc5re3taQSfwLv7hCTFx%2FHteg%3D&se=2026-09-16T06%3A06%3A29Z&sp=r,652,652 - BE מודיעין,217.49 KB,9/16/2026 3:00:00 AM
PriceFull7290027600007-005-653-20260916-030000.gz,https://pricesprodpublic.blob.core.windows.net/pricefull/PriceFull7290027600007-005-653-20260916-030000.gz?sv=2014-02-14&sr=b&sig=l4hDXdLnAUzKN1qWVFUl9pWkArohk9Fup2LPMbX6OVg%3D&se=2026-09-16T06%3A06%3A29Z&sp=r,653,653 - BE בני-ברק,148.04 KB,9/16/2026 3:00:00 AM
PriceFull7290027600007-005-654-20260916-030000.gz,https://pricesprodpublic.blob.core.windows.net/pricefull/PriceFull7290027600007-005-654-20260916-030000.gz?sv=2014-02-14&sr=b&sig=eO%2BVjbdaUatg3FPx7boEQnNOZncSAahKjH6c76VhYaU%3D&se=2026-09-16T06%3A06%3A29Z&sp=r,654,654 - BE אם המושבות,246.1 KB,9/16/2026 3:00:00 AM
PriceFull7290027600007-005-655-20260916-030000.gz,https://pricesprodpublic.blob.core.windows.net/pricefull/PriceFull7290027600007-005-655-20260916-030000.gz?sv=2014-02-14&sr=b&sig=jmq8qnn%2BbQKPgFMPdR1wph5vGZXYuHny9gTFKI%2FzouE%3D&se=2026-09-16T06%3A06%3A29Z&sp=r,655,655 - BE רחובות מזרח,191.81 KB,9/16/2026 3:00:00 AM
PriceFull7290027600007-005-656-20260916-030000.gz,https://pricesprodpublic.blob.core.windows.net/pricefull/PriceFull7290027600007-005-656-20260916-030000.gz?sv=2014-02-14&sr=b&sig=H5tN8ETsQjNi7xko11tGHtBoXhJ4roAdHp1QoyusyG8%3D&se=2026-09-16T06%3A06%3A29Z&sp=r,656,656 - סניף בן יהודה,96 KB,9/16/2026 3:00:00 AM
PriceFull7290027600007-005-657-20260916-030000.gz,https://pricesprodpublic.blob.core.windows.net/pricefull/PriceFull7290027600007-005-657-20260916-030000.gz?sv=2014-02-14&sr=b&sig=0rbwxbbiXZOb4%2BJlzKKTM5A24C8I4rcLEtFWnV0vpU0%3D&se=2026-09-16T06%3A06%3A29Z&sp=r,657,657 - Be קריית שמונה,183.26 KB,9/16/2026 3:00:00 AM
PriceFull7290027600007-005-658-20260916-030000.gz,https://pricesprodpublic.blob.core.windows.net/pricefull/PriceFull7290027600007-005-658-20260916-030000.gz?sv=2014-02-14&sr=b&sig=ZSxVaJ3FEyKt8P7%2Fy5Hs4aiL3XTiu2PNjRYEwCapq4I%3D&se=2026-09-16T06%3A06%3A29Z&sp=r,658,658 - BE קריית אתא,234.44 KB,9/16/2026 3:00:00 AM
PriceFull7290027600007-005-659-20260916-030000.gz,https://pricesprodpublic.blob.core.windows.net/pricefull/PriceFull7290027600007-005-659-20260916-030000.gz?sv=2014-02-14&sr=b&sig=zi7XKp7GWCN0RSfXt5Xyqp4qPKbfj5%2FZu1%2F%2FdKvTPdM%3D&se=2026-09-16T06%3A06%3A29Z&sp=r,659,659 - BE  הדר,194.78 KB,9/16/2026 3:00:00 AM
PriceFull7290027600007-005-660-20260916-030000.gz,https://pricesprodpublic.blob.core.windows.net/pricefull/PriceFull7290027600007-005-660-20260916-030000.gz?sv=2014-02-14&sr=b&sig=NL%2FppDbkeOLvH3XvBZOqtwnW24u30VTHP7HI6X%2F4xEc%3D&se=2026-09-16T06%3A06%3A29Z&sp=r,660,660 - סניףרמת השרון,180.11 KB,9/16/2026 3:00:00 AM
PriceFull7290027600007-005-662-20260916-030000.gz,https://pricesprodpublic.blob.core.windows.net/pricefull/PriceFull7290027600007-005-662-20260916-030000.gz?sv=2014-02-14&sr=b&sig=7A1nnizvhGt5iRoQ3GXV%2BRofy9RAlIZvxHu3gt4YFUg%3D&se=2026-09-16T06%3A06%3A29Z&sp=r,662,662 - BE ביתחולים אשדוד,176.56 KB,9/16/2026 3:00:00 AM
PriceFull7290027600007-005-664-20260916-030000.gz,https://pricesprodpublic.blob.core.windows.net/pricefull/PriceFull7290027600007-005-664-20260916-030000.gz?sv=2014-02-14&sr=b&sig=zm6LuVTiEocYXSQVScLVKyCViEi5j3gFpiU88GXESg8%3D&se=2026-09-16T06%3A06%3A29Z&sp=r,664,664 - BE בית חולים שעריצדק ירושלים,123.33 KB,9/16/2026 3:00:00 AM
PriceFull7290027600007-005-665-20260916-030000.gz,https://pricesprodpublic.blob.core.windows.net/pricefull/PriceFull7290027600007-005-665-20260916-030000.gz?sv=2014-02-14&sr=b&sig=T%2FLhivUtDJfB3NrnBoXXXVXNwIZBfBjCdi4iLzoBUzs%3D&se=2026-09-16T06%3A06%3A29Z&sp=r,665,665 - BE חשמונאים,198.86 KB,9/16/2026 3:00:00 AM
PriceFull7290027600007-005-667-20260916-030000.gz,https://pricesprodpublic.blob.core.windows.net/pricefull/PriceFull7290027600007-005-667-20260916-030000.gz?sv=2014-02-14&sr=b&sig=CI1grp7FX0Fkp9JWtUTnRr%2Fi%2Fy4wI53Sx4x74xdnjfk%3D&se=2026-09-16T06%3A06%3A29Z&sp=r,667,667 - BE מדיקל הלל יפה חדרה,153.43 KB,9/16/2026 3:00:00 AM
PriceFull7290027600007-005-668-20260916-030000.gz,https://pricesprodpublic.blob.core.windows.net/pricefull/PriceFull7290027600007-005-668-20260916-030000.gz?sv=2014-02-14&sr=b&sig=z0yiTjB1s3KLcfkmaB2gy%2F%2Bh8W1p7NEpg2JWrooqSqE%3D&se=2026-09-16T06%3A06%3A54Z&sp=r,668,668 - BE קריית השרון נתניה,206.47 KB,9/16/2026 3:00:00 AM
PriceFull7290027600007-005-670-20260916-030000.gz,https://pricesprodpublic.blob.core.windows.net/pricefull/PriceFull7290027600007-005-670-20260916-030000.gz?sv=2014-02-14&sr=b&sig=Swzh6iVlCt8HDCfbt04fd2DLh%2BlmV77KS76aTSa%2FYS4%3D&se=2026-09-16T06%3A06%3A54Z&sp=r,670,670 - BE (פ.י) איכילוב,222.4 KB,9/16/2026 3:00:00 AM
PriceFull7290027600007-005-672-20260916-030000.gz,https://pricesprodpublic.blob.core.windows.net/pricefull/PriceFull7290027600007-005-672-20260916-030000.gz?sv=2014-02-14&sr=b&sig=Hgiwe1KNVwKFTx5xvy%2B1wmVTUDlwEa0%2Fd0QlVZBSEy8%3D&se=2026-09-16T06%3A06%3A54Z&sp=r,672,672 - סניף אשדוד סיטי,241.12 KB,9/16/2026 3:00:00 AM
PriceFull7290027600007-005-673-20260916-030000.gz,https://pricesprodpublic.blob.core.windows.net/pricefull/PriceFull7290027600007-005-673-20260916-030000.gz?sv=2014-02-14&sr=b&sig=74lreVk1L0FsYYrhxGOlkH3Smxa6zjOIHFL8wdXs1ko%3D&se=2026-09-16T06%3A06%3A54Z&sp=r,673,673 - BE 59 פנורמה חיפה,213.4 KB,9/16/2026 3:00:00 AM
PriceFull7290027600007-005-674-20260916-030000.gz,https://pricesprodpublic.blob.core.windows.net/pricefull/PriceFull7290027600007-005-674-20260916-030000.gz?sv=2014-02-14&sr=b&sig=o8sVaYlab1XtEcSrsZnkv0mzYmr%2FnrZiZ48JMbrp3B0%3D&se=2026-09-16T06%3A06%3A54Z&sp=r,674,674 - BE  תל ברוך,224.67 KB,9/16/2026 3:00:00 AM
PriceFull7290027600007-005-675-20260916-030000.gz,https://pricesprodpublic.blob.core.windows.net/pricefull/PriceFull7290027600007-005-675-20260916-030000.gz?sv=2014-02-14&sr=b&sig=IOABLy8BOe3KKb4xuJLDJibre2hDs4Wk1x8hNeLKddE%3D&se=2026-09-16T06%3A06%3A54Z&sp=r,675,675 - BE 61 שרונים,191.14 KB,9/16/2026 3:00:00 AM
PriceFull7290027600007-005-676-20260916-030000.gz,https://pricesprodpublic.blob.core.windows.net/pricefull/PriceFull7290027600007-005-676-20260916-030000.gz?sv=2014-02-14&sr=b&sig=N9XeqpbiFCw4wvp8EuUKkp6n%2B4KGai9x9WRzJNUO6jw%3D&se=2026-09-16T06%3A06%3A54Z&sp=r,676,676 - BE יוקנעם,214.64 KB,9/16/2026 3:00:00 AM
PriceFull7290027600007-005-677-20260916-030000.gz,https://pricesprodpublic.blob.core.windows.net/pricefull/PriceFull7290027600007-005-677-20260916-030000.gz?sv=2014-02-14&sr=b&sig=VUJ4gEPIjB%2FdwKNSHZjYF%2BhoeCeLAbmnGdbkI7dXWQ0%3D&se=2026-09-16T06%3A06%3A54Z&sp=r,677,677 - BE הרצליה,210.93 KB,9/16/2026 3:00:00 AM
PriceFull7290027600007-005-679-20260916-030000.gz,https://pricesprodpublic.blob.core.windows.net/pricefull/PriceFull7290027600007-005-679-20260916-030000.gz?sv=2014-02-14&sr=b&sig=yQH79sP%2FPWgGyxADoTnPIm9cYc7DE%2BbdW5caSldEEUs%3D&se=2026-09-16T06%3A06%3A54Z&sp=r,679,679 - BE כרכור מדיקל,116.22 KB,9/16/2026 3:00:00 AM
PriceFull7290027600007-005-681-20260916-030000.gz,https://pricesprodpublic.blob.core.windows.net/pricefull/PriceFull7290027600007-005-681-20260916-030000.gz?sv=2014-02-14&sr=b&sig=xyDMeN90pdAB4lKBqAzPsXSZARoooIWGgq66FOW2Uaw%3D&se=2026-09-16T06%3A06%3A54Z&sp=r,681,681 - BE שהם,170.59 KB,9/16/2026 3:00:00 AM
PriceFull7290027600007-005-682-20260916-030000.gz,https://pricesprodpublic.blob.core.windows.net/pricefull/PriceFull7290027600007-005-682-20260916-030000.gz?sv=2014-02-14&sr=b&sig=HiNfuSxmtvaOqzotb2qwysrHSMO0oFbj9nm7%2Fbd%2BwxA%3D&se=2026-09-16T06%3A06%3A54Z&sp=r,682,682 - BE כפר סבא צפון,165.62 KB,9/16/2026 3:00:00 AM
PriceFull7290027600007-005-684-20260916-030000.gz,https://pricesprodpublic.blob.core.windows.net/pricefull/PriceFull7290027600007-005-684-20260916-030000.gz?sv=2014-02-14&sr=b&sig=7NB7svYr1SuRKd52jy6H%2FYtCjYH6CyX%2BcjVjau8vk4I%3D&se=2026-09-16T06%3A06%3A54Z&sp=r,684,684 - Be  שדרות,219.95 KB,9/16/2026 3:00:00 AM
PriceFull7290027600007-005-685-20260916-030000.gz,https://pricesprodpublic.blob.core.windows.net/pricefull/PriceFull7290027600007-005-685-20260916-030000.gz?sv=2014-02-14&sr=b&sig=nYWU5e4GL3YSH%2FODdxpllfT%2Fb9G2wjjU1%2FZ7wH6gl6g%3D&se=2026-09-16T06%3A06%3A54Z&sp=r,685,685 - BE  אזורי חן,169.65 KB,9/16/2026 3:00:00 AM
PriceFull7290027600007-005-688-20260916-030000.gz,https://pricesprodpublic.blob.core.windows.net/pricefull/PriceFull7290027600007-005-688-20260916-030000.gz?sv=2014-02-14&sr=b&sig=MW2xRhw%2BCVApaztxkRBkG4v8pK546lif8GiYlzkpczw%3D&se=2026-09-16T06%3A06%3A54Z&sp=r,688,688 - BE  מדיקל-בלינסון פ&quot;ת,99.54 KB,9/16/2026 3:00:00 AM
PriceFull7290027600007-005-691-20260916-030000.gz,https://pricesprodpublic.blob.core.windows.net/pricefull/PriceFull7290027600007-005-691-20260916-030000.gz?sv=2014-02-14&sr=b&sig=vZGN6iU4IajQrEkO4HaMD2GxvCA3ETuT7db6C%2Bi9nGU%3D&se=2026-09-16T06%3A06%3A54Z&sp=r,691,691 - Be (פ.י) אשדוד מדיקל,87.46 KB,9/16/2026 3:00:00 AM
PriceFull7290027600007-005-695-20260916-030000.gz,https://pricesprodpublic.blob.core.windows.net/pricefull/PriceFull7290027600007-005-695-20260916-030000.gz?sv=2014-02-14&sr=b&sig=oWReSn%2F0MPQZaVbFS8PtMO%2Fa8iYxI5RLmtR5aIlXDbw%3D&se=2026-09-16T06%3A06%3A54Z&sp=r,695,695 - BE  אסותא רמת החייל,123.38 KB,9/16/2026 3:00:00 AM
PriceFull7290027600007-005-696-20260916-030000.gz,https://pricesprodpublic.blob.core.windows.net/pricefull/PriceFull7290027600007-005-696-20260916-030000.gz?sv=2014-02-14&sr=b&sig=WziVCjmeykN3Tsydg0RJQSlEA2cD3VlB1tRkDyKNDFM%3D&se=2026-09-16T06%3A06%3A54Z&sp=r,696,696 - BE מדיקל-אלעד,133.51 KB,9/16/2026 3:00:00 AM
PriceFull7290027600007-005-697-20260916-030000.gz,https://pricesprodpublic.blob.core.windows.net/pricefull/PriceFull7290027600007-005-697-20260916-030000.gz?sv=2014-02-14&sr=b&sig=LNoWMLYn06g2cSPYQa86n679PLPgRqmznm6LHKeatJs%3D&se=2026-09-16T06%3A06%3A54Z&sp=r,697,697 - BE  ירכא,207.38 KB,9/16/2026 3:00:00 AM
PriceFull7290027600007-005-698-20260916-030000.gz,https://pricesprodpublic.blob.core.windows.net/pricefull/PriceFull7290027600007-005-698-20260916-030000.gz?sv=2014-02-14&sr=b&sig=ZWg8Xl6YKnHVDlBKy26xFiP%2BCeewFAL196lKBNgczgo%3D&se=2026-09-16T06%3A06%3A54Z&sp=r,698,698 - BE כרמיאל,232.67 KB,9/16/2026 3:00:00 AM
PriceFull7290027600007-005-712-20260916-030000.gz,https://pricesprodpublic.blob.core.windows.net/pricefull/PriceFull7290027600007-005-712-20260916-030000.gz?sv=2014-02-14&sr=b&sig=jVrR%2FRLmAQBq2tGqutV%2BBKEUf2SyDBmDPOY%2BsxmgGJ4%3D&se=2026-09-16T06%3A06%3A54Z&sp=r,712,712 - BE עין הים חדרה,176.25 KB,9/16/2026 3:00:00 AM
PriceFull7290027600007-005-713-20260916-030000.gz,https://pricesprodpublic.blob.core.windows.net/pricefull/PriceFull7290027600007-005-713-20260916-030000.gz?sv=2014-02-14&sr=b&sig=pHgLnG39baO1r%2BD99WIj9EvFRtKvTcXLDnuDsm%2BPjko%3D&se=2026-09-16T06%3A07%3A09Z&sp=r,713,713 - BE אור ים,180.43 KB,9/16/2026 3:00:00 AM
PriceFull7290027600007-005-714-20260916-030000.gz,https://pricesprodpublic.blob.core.windows.net/pricefull/PriceFull7290027600007-005-714-20260916-030000.gz?sv=2014-02-14&sr=b&sig=0QU2Heqr8qJ7OYTvc4BtPXKBUTKiWbUVdwBmtN%2FQuDQ%3D&se=2026-09-16T06%3A07%3A09Z&sp=r,714,714 - Be סכנין,217.25 KB,9/16/2026 3:00:00 AM
PriceFull7290027600007-005-715-20260916-030000.gz,https://pricesprodpublic.blob.core.windows.net/pricefull/PriceFull7290027600007-005-715-20260916-030000.gz?sv=2014-02-14&sr=b&sig=njqNzWaPC3nvHYkBqBvfWMNtnNTDyETK%2FY3td%2FItrOQ%3D&se=2026-09-16T06%3A07%3A09Z&sp=r,715,715 - BE אגמים,147.44 KB,9/16/2026 3:00:00 AM
PriceFull7290027600007-005-716-20260916-030000.gz,https://pricesprodpublic.blob.core.windows.net/pricefull/PriceFull7290027600007-005-716-20260916-030000.gz?sv=2014-02-14&sr=b&sig=1ypH%2FrjnfJzCVYhDLjgcBYbDPOw0nPIRrQu0eSBcbXc%3D&se=2026-09-16T06%3A07%3A09Z&sp=r,716,716 - Be mall 7  באר שבע,195.84 KB,9/16/2026 3:00:00 AM
PriceFull7290027600007-005-748-20260916-030000.gz,https://pricesprodpublic.blob.core.windows.net/pricefull/PriceFull7290027600007-005-748-20260916-030000.gz?sv=2014-02-14&sr=b&sig=9%2FtL74B3SEQAjrDHbAId21x6b180v4tl%2BmDFtw40qEQ%3D&se=2026-09-16T06%3A07%3A09Z&sp=r,748,748 - BEשבעת הכוכבים אילת,213.98 KB,9/16/2026 3:00:00 AM
PriceFull7290027600007-005-762-20260916-030000.gz,https://pricesprodpublic.blob.core.windows.net/pricefull/PriceFull7290027600007-005-762-20260916-030000.gz?sv=2014-02-14&sr=b&sig=pqIpehU2Bf8a%2B8wrnw1F13uVpwUtfn05Sba%2Bcxa6d9o%3D&se=2026-09-16T06%3A07%3A09Z&sp=r,762,762 - BE אוסישקין,138.96 KB,9/16/2026 3:00:00 AM
PriceFull7290027600007-005-763-20260916-030000.gz,https://pricesprodpublic.blob.core.windows.net/pricefull/PriceFull7290027600007-005-763-20260916-030000.gz?sv=2014-02-14&sr=b&sig=1Ww9%2Bh9eNk1OdMta1GX43Y06YimbQls4Nh2Tj5UgKhU%3D&se=2026-09-16T06%3A07%3A09Z&sp=r,763,763 - BE שפרעם,208.43 KB,9/16/2026 3:00:00 AM
PriceFull7290027600007-005-764-20260916-030000.gz,https://pricesprodpublic.blob.core.windows.net/pricefull/PriceFull7290027600007-005-764-20260916-030000.gz?sv=2014-02-14&sr=b&sig=alRWvLIKvqDd0HT9UVWXTamoN4z5Ugxt5IcO7pq%2B1Ws%3D&se=2026-09-16T06%3A07%3A09Z&sp=r,764,764 - BE סטאר אשדוד,222.46 KB,9/16/2026 3:00:00 AM
PriceFull7290027600007-005-776-20260916-030000.gz,https://pricesprodpublic.blob.core.windows.net/pricefull/PriceFull7290027600007-005-776-20260916-030000.gz?sv=2014-02-14&sr=b&sig=fKQuKvcSz7WlQxToFuodyG6SWQvvpyR5b7ccM2MiLTM%3D&se=2026-09-16T06%3A07%3A09Z&sp=r,776,776 - BE טירה,222.92 KB,9/16/2026 3:00:00 AM
PriceFull7290027600007-005-779-20260916-030000.gz,https://pricesprodpublic.blob.core.windows.net/pricefull/PriceFull7290027600007-005-779-20260916-030000.gz?sv=2014-02-14&sr=b&sig=%2Bv4Sp%2FqXqhKR8EpY1msbgJUKhpWjbfg9yAO2Rs472Sk%3D&se=2026-09-16T06%3A07%3A09Z&sp=r,779,779 - אקספרס יבנה,191.82 KB,9/16/2026 3:00:00 AM
PriceFull7290027600007-005-781-20260916-030000.gz,https://pricesprodpublic.blob.core.windows.net/pricefull/PriceFull7290027600007-005-781-20260916-030000.gz?sv=2014-02-14&sr=b&sig=1%2BYQnnWhM%2BA3LAw0xWzV5elCXuv1nBbLsPthGuLMDFA%3D&se=2026-09-16T06%3A07%3A09Z&sp=r,781,781 - BE פרישמן ת&quot;א,205.25 KB,9/16/2026 3:00:00 AM
PriceFull7290027600007-005-782-20260907-030000.gz,https://pricesprodpublic.blob.core.windows.net/pricefull/PriceFull7290027600007-005-782-20260907-030000.gz?sv=2014-02-14&sr=b&sig=fuACedMvDAi6Jbb34g36WLfQrxamSv%2BZbRneGCrSudY%3D&se=2026-09-16T06%3A07%3A09Z&sp=r,782,,162.25 KB,9/7/2026 3:00:00 AM
PriceFull7290027600007-005-783-20260714-030000.gz,https://pricesprodpublic.blob.core.windows.net/pricefull/PriceFull7290027600007-005-783-20260714-030000.gz?sv=2014-02-14&sr=b&sig=supkQFwjU1wzjogUeRjTKuhZFEJels5hSJxAEmfZ0q4%3D&se=2026-09-16T06%3A07%3A09Z&sp=r,783,,125.63 KB,7/14/2026 3:00:00 AM
PriceFull7290027600007-005-784-20260916-030000.gz,https://pricesprodpublic.blob.core.windows.net/pricefull/PriceFull7290027600007-005-784-20260916-030000.gz?sv=2014-02-14&sr=b&sig=%2BKeM8GflSHJn5kz%2BN6HMTv0G87VjkvrJP63Sz6MjnLQ%3D&se=2026-09-16T06%3A07%3A09Z&sp=r,784,784 - BE כפר גנים,215.8 KB,9/16/2026 3:00:00 AM
PriceFull7290027600007-005-785-20260916-030000.gz,https://pricesprodpublic.blob.core.windows.net/pricefull/PriceFull7290027600007-005-785-20260916-030000.gz?sv=2014-02-14&sr=b&sig=z6U3SiZU94kUo2EoGk07Wp2uTshvJcjfGFoG%2F%2Fp1HEM%3D&se=2026-09-16T06%3A07%3A09Z&sp=r,785,785 - BE מעלה אדומים,91.72 KB,9/16/2026 3:00:00 AM
PriceFull7290027600007-005-787-20260916-030000.gz,https://pricesprodpublic.blob.core.windows.net/pricefull/PriceFull7290027600007-005-787-20260916-030000.gz?sv=2014-02-14&sr=b&sig=oSdvC40xVOxCKqwxe23RnP9j9OXa4d9GSkBeiaQMvCU%3D&se=2026-09-16T06%3A07%3A09Z&sp=r,787,787 - BE אריאל,145.18 KB,9/16/2026 3:00:00 AM
PriceFull7290027600007-005-788-20260916-030000.gz,https://pricesprodpublic.blob.core.windows.net/pricefull/PriceFull7290027600007-005-788-20260916-030000.gz?sv=2014-02-14&sr=b&sig=Tapm2TN9wISmZAoOfkE83LjqpOdsbPJvf8MIngbdxoU%3D&se=2026-09-16T06%3A07%3A09Z&sp=r,788,788 - BE אפרת,185.27 KB,9/16/2026 3:00:00 AM
PriceFull7290027600007-006-062-20260916-030000.gz,https://pricesprodpublic.blob.core.windows.net/pricefull/PriceFull7290027600007-006-062-20260916-030000.gz?sv=2014-02-14&sr=b&sig=YCnqO9NYOLAr2IC1gSHv1766w1zYiMUs9%2F0lmbf0DDs%3D&se=2026-09-16T06%3A07%3A09Z&sp=r,62,62 - יש חסד רכסים,284.18 KB,9/16/2026 3:00:00 AM
PriceFull7290027600007-006-073-20260916-030000.gz,https://pricesprodpublic.blob.core.windows.net/pricefull/PriceFull7290027600007-006-073-20260916-030000.gz?sv=2014-02-14&sr=b&sig=XC1f3gsarwFlOvGb3f0jwt5K4IjZ5cJqXC%2F6tbynMBc%3D&se=2026-09-16T06%3A07%3A09Z&sp=r,73,73 - יש חסד אשדוד,313.22 KB,9/16/2026 3:00:00 AM
PriceFull7290027600007-006-081-20260916-030000.gz,https://pricesprodpublic.blob.core.windows.net/pricefull/PriceFull7290027600007-006-081-20260916-030000.gz?sv=2014-02-14&sr=b&sig=FMyAhFRpkaSbeS6LQlvS35CXEluw6953TTruqypJjaE%3D&se=2026-09-16T06%3A07%3A09Z&sp=r,81,81 - יש חסד מודיעין עלית דרום,315.04 KB,9/16/2026 3:00:00 AM
PriceFull7290027600007-006-111-20260916-030000.gz,https://pricesprodpublic.blob.core.windows.net/pricefull/PriceFull7290027600007-006-111-20260916-030000.gz?sv=2014-02-14&sr=b&sig=DkgpmGvU43Zrghu019E2R%2FSyeJeqX8d3qkqeGydmvFk%3D&se=2026-09-16T06%3A07%3A23Z&sp=r,111,111 - יש חסד טבריה עלית-לב האג,316.94 KB,9/16/2026 3:00:00 AM
PriceFull7290027600007-006-133-20260916-030000.gz,https://pricesprodpublic.blob.core.windows.net/pricefull/PriceFull7290027600007-006-133-20260916-030000.gz?sv=2014-02-14&sr=b&sig=16rYrfZsIkMSqr7gEIhwYKbuawWQNlCI3KnjVhRak0k%3D&se=2026-09-16T06%3A07%3A23Z&sp=r,133,133 - יש חסד ביתר עילית-  הר&quot;ן,314.58 KB,9/16/2026 3:00:00 AM
PriceFull7290027600007-006-219-20260916-030000.gz,https://pricesprodpublic.blob.core.windows.net/pricefull/PriceFull7290027600007-006-219-20260916-030000.gz?sv=2014-02-14&sr=b&sig=fkv6EvYvZR9ny5YAGZjDOPEcu6hSk2m6DTIB2%2B%2F9b8E%3D&se=2026-09-16T06%3A07%3A23Z&sp=r,219,219 - יש חסד בני ברק- עזרא,333.58 KB,9/16/2026 3:00:00 AM
PriceFull7290027600007-006-234-20260916-030000.gz,https://pricesprodpublic.blob.core.windows.net/pricefull/PriceFull7290027600007-006-234-20260916-030000.gz?sv=2014-02-14&sr=b&sig=Tmrwd6p%2FnxeV48OdVwhKENI2HWZatx%2FQFAhqn0quQ6k%3D&se=2026-09-16T06%3A07%3A23Z&sp=r,234,234 - יש חסד רסידו,280.99 KB,9/16/2026 3:00:00 AM
PriceFull7290027600007-006-295-20260916-030000.gz,https://pricesprodpublic.blob.core.windows.net/pricefull/PriceFull7290027600007-006-295-20260916-030000.gz?sv=2014-02-14&sr=b&sig=9S3cuwTGIMdc96lBnRR2LqrEupUSe%2BkU93oDThnYlbA%3D&se=2026-09-16T06%3A07%3A23Z&sp=r,295,295 - יש חסד בני ברק-שלמה המלך,327.27 KB,9/16/2026 3:00:00 AM
PriceFull7290027600007-006-300-20260916-030000.gz,https://pricesprodpublic.blob.core.windows.net/pricefull/PriceFull7290027600007-006-300-20260916-030000.gz?sv=2014-02-14&sr=b&sig=XNYaQZbORXoTS0VLEz1f1AoX94sR8IPvYmQDq6VIccw%3D&se=2026-09-16T06%3A07%3A23Z&sp=r,300,300 - יש חסד בארות יצחק- פאוור,365.74 KB,9/16/2026 3:00:00 AM
PriceFull7290027600007-006-349-20260916-030000.gz,https://pricesprodpublic.blob.core.windows.net/pricefull/PriceFull7290027600007-006-349-20260916-030000.gz?sv=2014-02-14&sr=b&sig=lKoIoVx1FdrmvOFPahzvtI770II5Ft7RpQn99FuAw%2Fs%3D&se=2026-09-16T06%3A07%3A23Z&sp=r,349,349 - יש חסד צפת- כנען,309.36 KB,9/16/2026 3:00:00 AM
PriceFull7290027600007-006-364-20260916-030000.gz,https://pricesprodpublic.blob.core.windows.net/pricefull/PriceFull7290027600007-006-364-20260916-030000.gz?sv=2014-02-14&sr=b&sig=QAaaDDucOki4RlVg2fW%2BamyU9Xj6SZuS75emK3l2eCs%3D&se=2026-09-16T06%3A07%3A23Z&sp=r,364,364 - יש חסד בית וגן,315.32 KB,9/16/2026 3:00:00 AM
PriceFull7290027600007-006-496-20260916-030000.gz,https://pricesprodpublic.blob.core.windows.net/pricefull/PriceFull7290027600007-006-496-20260916-030000.gz?sv=2014-02-14&sr=b&sig=994QBVVDf6vY0G0ZtCGskYNzvROFTq8T8KadN7nySls%3D&se=2026-09-16T06%3A07%3A23Z&sp=r,496,496 - יש חסד כנפי נשרים,338.2 KB,9/16/2026 3:00:00 AM
PriceFull7290027600007-006-499-20260916-034000.gz,https://pricesprodpublic.blob.core.windows.net/pricefull/PriceFull7290027600007-006-499-20260916-034000.gz?sv=2014-02-14&sr=b&sig=RV36KxtFF4%2BW%2B%2FmsF2KZer%2FDhYymNltqwxL4R6AyK2E%3D&se=2026-09-16T06%3A07%3A23Z&sp=r,499,499 - יש חסד עפולה עילית,308.94 KB,9/16/2026 3:40:00 AM
PriceFull7290027600007-006-593-20260916-030000.gz,https://pricesprodpublic.blob.core.windows.net/pricefull/PriceFull7290027600007-006-593-20260916-030000.gz?sv=2014-02-14&sr=b&sig=Ncl2KxGFO1NMg78jrB3PKaijwCflu0Op0%2FyIqDLcX2w%3D&se=2026-09-16T06%3A07%3A23Z&sp=r,593,593 - יש חסד באר טוביה,310.96 KB,9/16/2026 3:00:00 AM
PriceFull7290027600007-006-606-20260916-030000.gz,https://pricesprodpublic.blob.core.windows.net/pricefull/PriceFull7290027600007-006-606-20260916-030000.gz?sv=2014-02-14&sr=b&sig=Ae7DgZoq%2B74a1um0VsZpdBnRON%2FhPVQ7afcWtykDSHw%3D&se=2026-09-16T06%3A07%3A23Z&sp=r,606,606 - יש חסד בית שמש- מ. מסחרי,316.79 KB,9/16/2026 3:00:00 AM
PriceFull7290027600007-006-607-20260916-030000.gz,https://pricesprodpublic.blob.core.windows.net/pricefull/PriceFull7290027600007-006-607-20260916-030000.gz?sv=2014-02-14&sr=b&sig=izbgoJJk5mJV3XOu7HO17au710jD7trcBlA%2BmrOxAUQ%3D&se=2026-09-16T06%3A07%3A23Z&sp=r,607,607 - יש חסד מודיעין עלי-ק.ספר,333.04 KB,9/16/2026 3:00:00 AM
PriceFull7290027600007-006-608-20260916-030000.gz,https://pricesprodpublic.blob.core.windows.net/pricefull/PriceFull7290027600007-006-608-20260916-030000.gz?sv=2014-02-14&sr=b&sig=jbMpZBf1YUdttsXX1ankkK9lzMTqps103NMpuYh7hc0%3D&se=2026-09-16T06%3A07%3A23Z&sp=r,608,608 - יש חסד ירושלים-קרית שאול,332.18 KB,9/16/2026 3:00:00 AM
PriceFull7290027600007-006-609-20260916-030000.gz,https://pricesprodpublic.blob.core.windows.net/pricefull/PriceFull7290027600007-006-609-20260916-030000.gz?sv=2014-02-14&sr=b&sig=MYiZpUXIxuKQ3EcTU4VOk1MPuLct8bijJsMYdnFuhiA%3D&se=2026-09-16T06%3A07%3A23Z&sp=r,609,609 - יש חסד אלעד-ניסים גאון,312.61 KB,9/16/2026 3:00:00 AM
PriceFull7290027600007-006-610-20260916-030000.gz,https://pricesprodpublic.blob.core.windows.net/pricefull/PriceFull7290027600007-006-610-20260916-030000.gz?sv=2014-02-14&sr=b&sig=NpjRtlTJ6%2BKa4zOxzc%2F3rYTNUHOk8D93%2FitiBm%2BD39Q%3D&se=2026-09-16T06%3A07%3A23Z&sp=r,610,610 - יש חסד ירושלים- רמת שלמה,322.23 KB,9/16/2026 3:00:00 AM
PriceFull7290027600007-006-611-20260916-030000.gz,https://pricesprodpublic.blob.core.windows.net/pricefull/PriceFull7290027600007-006-611-20260916-030000.gz?sv=2014-02-14&sr=b&sig=zsftSP8hbFIA1xpIUo2czN%2FB4%2B3pRor6qaQ175cPluY%3D&se=2026-09-16T06%3A07%3A23Z&sp=r,611,611 - ישחסד בני ברק- השומר,340.88 KB,9/16/2026 3:00:00 AM
PriceFull7290027600007-006-765-20260916-030000.gz,https://pricesprodpublic.blob.core.windows.net/pricefull/PriceFull7290027600007-006-765-20260916-030000.gz?sv=2014-02-14&sr=b&sig=QweMU5NzkVHuXMpqailHrf%2B%2BlCzwZIX17GuwdKs3tec%3D&se=2026-09-16T06%3A07%3A23Z&sp=r,765,765 - יש חסד בן איש חי,266.5 KB,9/16/2026 3:00:00 AM
PriceFull7290027600007-007-029-20260916-030000.gz,https://pricesprodpublic.blob.core.windows.net/pricefull/PriceFull7290027600007-007-029-20260916-030000.gz?sv=2014-02-14&sr=b&sig=TcQf72igzIBJed%2FLLalEyCK2RgsY13ISo%2BX0lonx9kM%3D&se=2026-09-16T06%3A07%3A23Z&sp=r,29,29 - אקספרס האודם חריש,246.63 KB,9/16/2026 3:00:00 AM
PriceFull7290027600007-007-051-20260916-030000.gz,https://pricesprodpublic.blob.core.windows.net/pricefull/PriceFull7290027600007-007-051-20260916-030000.gz?sv=2014-02-14&sr=b&sig=VjNjXOJcnV7JmZl%2FOPxJapHTXw9pIcvuV3d21Fr3SGY%3D&se=2026-09-16T06%3A07%3A23Z&sp=r,51,51 - אקספרס הרצליה,156.88 KB,9/16/2026 3:00:00 AM
PriceFull7290027600007-007-056-20260916-030000.gz,https://pricesprodpublic.blob.core.windows.net/pricefull/PriceFull7290027600007-007-056-20260916-030000.gz?sv=2014-02-14&sr=b&sig=JYarHIZ4Y6Ybm3cuc6tm%2FDDFYmj3xpF95IjUzcqtlsg%3D&se=2026-09-16T06%3A07%3A47Z&sp=r,56,56 - אקספרס  חריש הרימון,197.04 KB,9/16/2026 3:00:00 AM
PriceFull7290027600007-007-061-20260916-030000.gz,https://pricesprodpublic.blob.core.windows.net/pricefull/PriceFull7290027600007-007-061-20260916-030000.gz?sv=2014-02-14&sr=b&sig=2NctqZfUxPspVKLbREqh0%2BK%2BWABtt%2FtmgKS7wahZeJU%3D&se=2026-09-16T06%3A07%3A47Z&sp=r,61,61 - אקספרס צור משה,185.02 KB,9/16/2026 3:00:00 AM
PriceFull7290027600007-007-079-20260916-030000.gz,https://pricesprodpublic.blob.core.windows.net/pricefull/PriceFull7290027600007-007-079-20260916-030000.gz?sv=2014-02-14&sr=b&sig=LWnn32BAojiLUOhZtvOL4rk0zfs5J7kLM3u6rMmo5xk%3D&se=2026-09-16T06%3A07%3A47Z&sp=r,79,79 - אקספרס חריש,188.8 KB,9/16/2026 3:00:00 AM
PriceFull7290027600007-007-082-20260916-030000.gz,https://pricesprodpublic.blob.core.windows.net/pricefull/PriceFull7290027600007-007-082-20260916-030000.gz?sv=2014-02-14&sr=b&sig=no8GF0mjC9s64m22MSPfKtyBFoIHD4EU28FTPHrtOL8%3D&se=2026-09-16T06%3A07%3A47Z&sp=r,82,82 - אקספרס חולון,176.22 KB,9/16/2026 3:00:00 AM
PriceFull7290027600007-007-084-20260916-030000.gz,https://pricesprodpublic.blob.core.windows.net/pricefull/PriceFull7290027600007-007-084-20260916-030000.gz?sv=2014-02-14&sr=b&sig=frGpa%2F%2Bqk%2Bl7kyukZqAUlGRjiZUtytuzLitcb%2BL8Fcc%3D&se=2026-09-16T06%3A07%3A47Z&sp=r,84,84 - אקספרס בית חשמונאי,182.87 KB,9/16/2026 3:00:00 AM
PriceFull7290027600007-007-090-20260916-030000.gz,https://pricesprodpublic.blob.core.windows.net/pricefull/PriceFull7290027600007-007-090-20260916-030000.gz?sv=2014-02-14&sr=b&sig=bUP2HfVQUqPewFfcCv8By4cNYdKWmm4bIf4LrMmtKAs%3D&se=2026-09-16T06%3A07%3A47Z&sp=r,90,90 - אקספרס גב ים באר שבע,156.53 KB,9/16/2026 3:00:00 AM
PriceFull7290027600007-007-127-20260916-030000.gz,https://pricesprodpublic.blob.core.windows.net/pricefull/PriceFull7290027600007-007-127-20260916-030000.gz?sv=2014-02-14&sr=b&sig=xhHVsBQEXuQFHAo7atYIE1Jt1yUMd9gExR5hTHRqEtM%3D&se=2026-09-16T06%3A07%3A47Z&sp=r,127,127 - אקספרס טירת הכרמל,150.96 KB,9/16/2026 3:00:00 AM
PriceFull7290027600007-007-131-20260916-030000.gz,https://pricesprodpublic.blob.core.windows.net/pricefull/PriceFull7290027600007-007-131-20260916-030000.gz?sv=2014-02-14&sr=b&sig=dgFY%2BNawSLUx7MjAIjw68QC3t7NH%2F0omwzK5oAbnbPU%3D&se=2026-09-16T06%3A07%3A47Z&sp=r,131,131 - אקספרס הוד השרון,140.35 KB,9/16/2026 3:00:00 AM
PriceFull7290027600007-007-140-20260916-030000.gz,https://pricesprodpublic.blob.core.windows.net/pricefull/PriceFull7290027600007-007-140-20260916-030000.gz?sv=2014-02-14&sr=b&sig=sLuCpTY4%2FvnTE63W2lXkJNs5zyscE7%2Fb%2Fk84Lom19kI%3D&se=2026-09-16T06%3A07%3A47Z&sp=r,140,140 - אקספרס תל חי,169.2 KB,9/16/2026 3:00:00 AM
PriceFull7290027600007-007-147-20260916-030000.gz,https://pricesprodpublic.blob.core.windows.net/pricefull/PriceFull7290027600007-007-147-20260916-030000.gz?sv=2014-02-14&sr=b&sig=az2BLOoBFb4Yx5oTsgcv0uBJ%2FzSdFAj4IRozyHc4%2Fjk%3D&se=2026-09-16T06%3A07%3A47Z&sp=r,147,147 - אקספרס זכרון,202.66 KB,9/16/2026 3:00:00 AM
PriceFull7290027600007-007-148-20260916-030000.gz,https://pricesprodpublic.blob.core.windows.net/pricefull/PriceFull7290027600007-007-148-20260916-030000.gz?sv=2014-02-14&sr=b&sig=184MgVFZUxwWHA92qsR5dF0Sq9UrtJcZ0PWRgF2M82Q%3D&se=2026-09-16T06%3A07%3A47Z&sp=r,148,148 - אקספרס מלצר רחובות,164.06 KB,9/16/2026 3:00:00 AM
PriceFull7290027600007-007-150-20260916-030000.gz,https://pricesprodpublic.blob.core.windows.net/pricefull/PriceFull7290027600007-007-150-20260916-030000.gz?sv=2014-02-14&sr=b&sig=U6N1RLqqMRrlamKn5Jp1CS63PTk5r3QAFULrhpVcUKg%3D&se=2026-09-16T06%3A07%3A47Z&sp=r,150,150 - אקספרס רודנסקי ת&quot;א,173.26 KB,9/16/2026 3:00:00 AM
PriceFull7290027600007-007-169-20260916-030000.gz,https://pricesprodpublic.blob.core.windows.net/pricefull/PriceFull7290027600007-007-169-20260916-030000.gz?sv=2014-02-14&sr=b&sig=PplMmfCTKBm1ASSQsyWhl4evCP%2BRHEZeT6ULDLKr5K4%3D&se=2026-09-16T06%3A07%3A47Z&sp=r,169,169 - אקספרס באר שבע,198.32 KB,9/16/2026 3:00:00 AM
PriceFull7290027600007-007-171-20260916-030000.gz,https://pricesprodpublic.blob.core.windows.net/pricefull/PriceFull7290027600007-007-171-20260916-030000.gz?sv=2014-02-14&sr=b&sig=J467OWFaIi5s%2BN7YHuDpBH0owYAjRnE7ITZlYNU6FY0%3D&se=2026-09-16T06%3A07%3A47Z&sp=r,171,171 - אקספרס אוסטשינסקי,190.82 KB,9/16/2026 3:00:00 AM
PriceFull7290027600007-007-179-20260916-030000.gz,https://pricesprodpublic.blob.core.windows.net/pricefull/PriceFull7290027600007-007-179-20260916-030000.gz?sv=2014-02-14&sr=b&sig=XaKcckUOCnq%2Fh77IqOE41i7CI6vuVepcCUFRO7PaJFY%3D&se=2026-09-16T06%3A07%3A47Z&sp=r,179,179 - שופרסל אקספרס הרוא&quot;ה רמת גן,192.15 KB,9/16/2026 3:00:00 AM
PriceFull7290027600007-007-186-20260916-030000.gz,https://pricesprodpublic.blob.core.windows.net/pricefull/PriceFull7290027600007-007-186-20260916-030000.gz?sv=2014-02-14&sr=b&sig=JqRtQp1IwaTfIauxYhNJgwa7DB07WmF4ePyDf9Z1x5s%3D&se=2026-09-16T06%3A07%3A47Z&sp=r,186,186 - אקספרס התשבי,156.55 KB,9/16/2026 3:00:00 AM
PriceFull7290027600007-007-224-20260916-030000.gz,https://pricesprodpublic.blob.core.windows.net/pricefull/PriceFull7290027600007-007-224-20260916-030000.gz?sv=2014-02-14&sr=b&sig=Wu3xY8T4xSuDt2pHtvFhWi4JUh9Jmh1RNVxpvK1Ugo8%3D&se=2026-09-16T06%3A07%3A47Z&sp=r,224,224 - אקספרס ראשל&quot;צ-נווה דקלים,144.45 KB,9/16/2026 3:00:00 AM
PriceFull7290027600007-007-231-20260916-030000.gz,https://pricesprodpublic.blob.core.windows.net/pricefull/PriceFull7290027600007-007-231-20260916-030000.gz?sv=2014-02-14&sr=b&sig=cGLz1YCp6Qmw9ybR5JyFs%2FJara8FS9rGePyjL5f3QB8%3D&se=2026-09-16T06%3A07%3A47Z&sp=r,231,231 - אקספרס רעננה- רבקה גרובר,190.06 KB,9/16/2026 3:00:00 AM
PriceFull7290027600007-007-236-20260916-030000.gz,https://pricesprodpublic.blob.core.windows.net/pricefull/PriceFull7290027600007-007-236-20260916-030000.gz?sv=2014-02-14&sr=b&sig=STpEdTGNy6EsBW6iHtwOpt9lNKrhHyjoVDNOSFNpT7E%3D&se=2026-09-16T06%3A07%3A47Z&sp=r,236,236 - אקספרס אילת שחמון,258.84 KB,9/16/2026 3:00:00 AM
PriceFull7290027600007-007-239-20260916-030000.gz,https://pricesprodpublic.blob.core.windows.net/pricefull/PriceFull7290027600007-007-239-20260916-030000.gz?sv=2014-02-14&sr=b&sig=px%2FcXEgWBCVSI9tyqYweXAKxl4sZhm7BMPJN7TAQ1oo%3D&se=2026-09-16T06%3A07%3A47Z&sp=r,239,239 - אקספרס יפו- הדרור,169.69 KB,9/16/2026 3:00:00 AM
PriceFull7290027600007-007-263-20260916-030000.gz,https://pricesprodpublic.blob.core.windows.net/pricefull/PriceFull7290027600007-007-263-20260916-030000.gz?sv=2014-02-14&sr=b&sig=%2FFTQi6z%2Bjl2zcBSEDB7LLeYA9AKtW5ucvYt%2FBU5sEws%3D&se=2026-09-16T06%3A08%3A04Z&sp=r,263,263 - שופרסל אקספרס מקס ברוד,222.42 KB,9/16/2026 3:00:00 AM
PriceFull7290027600007-007-265-20260916-030000.gz,https://pricesprodpublic.blob.core.windows.net/pricefull/PriceFull7290027600007-007-265-20260916-030000.gz?sv=2014-02-14&sr=b&sig=bA4G0biWYyQhAsPEONaQ7EZ%2Bl91WvWg2g71eNCkFYto%3D&se=2026-09-16T06%3A08%3A04Z&sp=r,265,265 - אקספרס חולון - זלמן ארן,165.52 KB,9/16/2026 3:00:00 AM
PriceFull7290027600007-007-274-20260916-030000.gz,https://pricesprodpublic.blob.core.windows.net/pricefull/PriceFull7290027600007-007-274-20260916-030000.gz?sv=2014-02-14&sr=b&sig=ZGQA10YBs5f2m86MW72tBccPEVuYbGWtpz1%2FmjPXeR4%3D&se=2026-09-16T06%3A08%3A04Z&sp=r,274,274 - אקספרס ת&quot;א- פלורנטין,197.8 KB,9/16/2026 3:00:00 AM
PriceFull7290027600007-007-277-20260916-030000.gz,https://pricesprodpublic.blob.core.windows.net/pricefull/PriceFull7290027600007-007-277-20260916-030000.gz?sv=2014-02-14&sr=b&sig=6KxAY8Q0WUra3yHqVSn8Jvbt8diegSdqn4RdUK6tNBU%3D&se=2026-09-16T06%3A08%3A04Z&sp=r,277,277 - אקספרס.בני בנימין הרצליה,181.73 KB,9/16/2026 3:00:00 AM
PriceFull7290027600007-007-279-20260916-030000.gz,https://pricesprodpublic.blob.core.windows.net/pricefull/PriceFull7290027600007-007-279-20260916-030000.gz?sv=2014-02-14&sr=b&sig=q9%2Fprl4Lmw3Pab%2BYDYE9sA6G1l6L4Gc0N9ufiNuJpsk%3D&se=2026-09-16T06%3A08%3A04Z&sp=r,279,279 - אקספרס-ת&quot;א דרויאנוב,209.28 KB,9/16/2026 3:00:00 AM
PriceFull7290027600007-007-285-20260916-030000.gz,https://pricesprodpublic.blob.core.windows.net/pricefull/PriceFull7290027600007-007-285-20260916-030000.gz?sv=2014-02-14&sr=b&sig=f9np4DUlC%2Fz5njl4Zc2eEPlJDOavg0%2BsxAnUQkiH%2BAE%3D&se=2026-09-16T06%3A08%3A04Z&sp=r,285,285 - אקספרס סוקולוב פ&quot;ת,174.25 KB,9/16/2026 3:00:00 AM
PriceFull7290027600007-007-296-20260916-030000.gz,https://pricesprodpublic.blob.core.windows.net/pricefull/PriceFull7290027600007-007-296-20260916-030000.gz?sv=2014-02-14&sr=b&sig=0r4MjOyYNM9mYEF7FExkjYoLnn9QcRdz4guC4JO0%2BzY%3D&se=2026-09-16T06%3A08%3A04Z&sp=r,296,296 - אקספרס פ&quot;ת רחל המשוררת,193.38 KB,9/16/2026 3:00:00 AM
PriceFull7290027600007-007-299-20260916-030000.gz,https://pricesprodpublic.blob.core.windows.net/pricefull/PriceFull7290027600007-007-299-20260916-030000.gz?sv=2014-02-14&sr=b&sig=kUAMq7Yo6bvEDnP0a%2BIfRBp10MfntR%2FOVEe2aWz04m4%3D&se=2026-09-16T06%3A08%3A04Z&sp=r,299,299 - אקספרס הוד השרון,171.37 KB,9/16/2026 3:00:00 AM
PriceFull7290027600007-007-301-20260916-030000.gz,https://pricesprodpublic.blob.core.windows.net/pricefull/PriceFull7290027600007-007-301-20260916-030000.gz?sv=2014-02-14&sr=b&sig=cR2oEHGTJkKA0lf9joCk024aCq0euxU9geq7h8IK2Jg%3D&se=2026-09-16T06%3A08%3A04Z&sp=r,301,301 - אקספרס אחי מאיר,231.08 KB,9/16/2026 3:00:00 AM
PriceFull7290027600007-007-303-20260816-030000.gz,https://pricesprodpublic.blob.core.windows.net/pricefull/PriceFull7290027600007-007-303-20260816-030000.gz?sv=2014-02-14&sr=b&sig=kk8fRP164NmQboDvcXjRMGZf83EZZDslVR%2Bh2111CQ0%3D&se=2026-09-16T06%3A08%3A04Z&sp=r,303,,219.12 KB,8/16/2026 3:00:00 AM
PriceFull7290027600007-007-305-20260916-030000.gz,https://pricesprodpublic.blob.core.windows.net/pricefull/PriceFull7290027600007-007-305-20260916-030000.gz?sv=2014-02-14&sr=b&sig=ZHAjjpp3oJ1VOHVVEh89MR%2FQgopVTUaUMaWq7g41iCI%3D&se=2026-09-16T06%3A08%3A04Z&sp=r,305,305 - אקספרס ת&quot;א- יהודה המכבי,216.77 KB,9/16/2026 3:00:00 AM
PriceFull7290027600007-007-311-20260916-030000.gz,https://pricesprodpublic.blob.core.windows.net/pricefull/PriceFull7290027600007-007-311-20260916-030000.gz?sv=2014-02-14&sr=b&sig=WBK8g%2BnJAy%2B7sp6T8RBjSuQuna2LJriDxsoANAR2YUE%3D&se=2026-09-16T06%3A08%3A04Z&sp=r,311,311 - אקספרס רחובות- בוסתנאי,171.72 KB,9/16/2026 3:00:00 AM
PriceFull7290027600007-007-315-20260916-030000.gz,https://pricesprodpublic.blob.core.windows.net/pricefull/PriceFull7290027600007-007-315-20260916-030000.gz?sv=2014-02-14&sr=b&sig=%2F5RRgvAYnq6aBhcS3FOK67xozyJaedBl%2Bh7Is32sxPU%3D&se=2026-09-16T06%3A08%3A04Z&sp=r,315,315 - אקספרס כפר נטר,189.6 KB,9/16/2026 3:00:00 AM
PriceFull7290027600007-007-317-20260916-030000.gz,https://pricesprodpublic.blob.core.windows.net/pricefull/PriceFull7290027600007-007-317-20260916-030000.gz?sv=2014-02-14&sr=b&sig=Wj%2Bq51981i8WILXGH%2BkPNJjDfkDQnt5heUP%2BqyWSDYc%3D&se=2026-09-16T06%3A08%3A04Z&sp=r,317,317 - אקספרס גבעת עדה,197.44 KB,9/16/2026 3:00:00 AM
PriceFull7290027600007-007-318-20260916-030000.gz,https://pricesprodpublic.blob.core.windows.net/pricefull/PriceFull7290027600007-007-318-20260916-030000.gz?sv=2014-02-14&sr=b&sig=jXt1fLFs6YGGVWZg7DXTpbOcp8ei66VP1VusUBRKzXs%3D&se=2026-09-16T06%3A08%3A04Z&sp=r,318,318 - אקספרס חולון - וולפסון,161.5 KB,9/16/2026 3:00:00 AM
PriceFull7290027600007-007-325-20260916-030000.gz,https://pricesprodpublic.blob.core.windows.net/pricefull/PriceFull7290027600007-007-325-20260916-030000.gz?sv=2014-02-14&sr=b&sig=ParWc%2B5vGtHoYGS2zzCUTLyQ6%2BGGbrUrZIHnOPQPzf4%3D&se=2026-09-16T06%3A08%3A04Z&sp=r,325,325 - אקספרס ששת הימים נס ציונ,203.24 KB,9/16/2026 3:00:00 AM
PriceFull7290027600007-007-327-20260916-030000.gz,https://pricesprodpublic.blob.core.windows.net/pricefull/PriceFull7290027600007-007-327-20260916-030000.gz?sv=2014-02-14&sr=b&sig=kap2%2B%2FhRC%2BFFiEm%2Fut9Gm0tCiJmvsDaLMs%2Fl8hXMM%2B0%3D&se=2026-09-16T06%3A08%3A04Z&sp=r,327,327 - אקספרס חיפה- ראול ולנברג,165.12 KB,9/16/2026 3:00:00 AM
PriceFull7290027600007-007-334-20260916-030000.gz,https://pricesprodpublic.blob.core.windows.net/pricefull/PriceFull7290027600007-007-334-20260916-030000.gz?sv=2014-02-14&sr=b&sig=kKiAMKLn9%2BALIDiVYB%2Bn6LU8ipDghcPw6sjVH9qiRSE%3D&se=2026-09-16T06%3A08%3A04Z&sp=r,334,334 - אקספרס פ&quot;ת - שפירא,187.15 KB,9/16/2026 3:00:00 AM
PriceFull7290027600007-007-335-20260916-030000.gz,https://pricesprodpublic.blob.core.windows.net/pricefull/PriceFull7290027600007-007-335-20260916-030000.gz?sv=2014-02-14&sr=b&sig=uSIy%2FAZyRG1D5TeM6Hv4Qp6xDthXdqGzDZhGb7xWJck%3D&se=2026-09-16T06%3A08%3A04Z&sp=r,335,335 - אקספרס כ&quot;ס- בן גוריון,146.82 KB,9/16/2026 3:00:00 AM
PriceFull7290027600007-007-338-20260916-030000.gz,https://pricesprodpublic.blob.core.windows.net/pricefull/PriceFull7290027600007-007-338-20260916-030000.gz?sv=2014-02-14&sr=b&sig=ByaO7sfeMyxz6QRR3tDwdfLMAby6wKrQnNjIIR%2FuJBI%3D&se=2026-09-16T06%3A08%3A04Z&sp=r,338,338 - אקספרס כוכב הצפון,225.29 KB,9/16/2026 3:00:00 AM
PriceFull7290027600007-007-340-20260916-030000.gz,https://pricesprodpublic.blob.core.windows.net/pricefull/PriceFull7290027600007-007-340-20260916-030000.gz?sv=2014-02-14&sr=b&sig=BJpFzS%2FzSy1vYDzjZyBcHFgWaUfe6benZFyVhor9JTY%3D&se=2026-09-16T06%3A08%3A19Z&sp=r,340,340 - אקספרס ת&quot;א- זריצקי,242.35 KB,9/16/2026 3:00:00 AM
PriceFull7290027600007-007-341-20260916-030000.gz,https://pricesprodpublic.blob.core.windows.net/pricefull/PriceFull7290027600007-007-341-20260916-030000.gz?sv=2014-02-14&sr=b&sig=RD8cBJMozPG%2Bg31mv53MY56SrQyrFIOfbEoHije1ptw%3D&se=2026-09-16T06%3A08%3A19Z&sp=r,341,341 - אקספרס רמת גן- הרוא&quot;ה,222.27 KB,9/16/2026 3:00:00 AM
PriceFull7290027600007-007-347-20260916-030000.gz,https://pricesprodpublic.blob.core.windows.net/pricefull/PriceFull7290027600007-007-347-20260916-030000.gz?sv=2014-02-14&sr=b&sig=16ljQVw0OdTbW8blEGnEZ53XFNPi1bpJiXMtOfzERKw%3D&se=2026-09-16T06%3A08%3A19Z&sp=r,347,347 - אקספרס גדרה- דרך הפרחים,205.28 KB,9/16/2026 3:00:00 AM
PriceFull7290027600007-007-348-20260916-030000.gz,https://pricesprodpublic.blob.core.windows.net/pricefull/PriceFull7290027600007-007-348-20260916-030000.gz?sv=2014-02-14&sr=b&sig=HZpdEptQO8wyz78TEemMhId2QaKFN%2BbKiecwHx1yGNM%3D&se=2026-09-16T06%3A08%3A19Z&sp=r,348,348 - אקספרס פ&quot;ת- קק&quot;ל,167.7 KB,9/16/2026 3:00:00 AM
PriceFull7290027600007-007-353-20260916-030000.gz,https://pricesprodpublic.blob.core.windows.net/pricefull/PriceFull7290027600007-007-353-20260916-030000.gz?sv=2014-02-14&sr=b&sig=q0mh%2BCeNoRw3zsV08Lla2toaJe%2Fau6TXtixnwS7l%2Bkk%3D&se=2026-09-16T06%3A08%3A19Z&sp=r,353,353 - אקספרס יותם,126.62 KB,9/16/2026 3:00:00 AM
PriceFull7290027600007-007-354-20260916-030000.gz,https://pricesprodpublic.blob.core.windows.net/pricefull/PriceFull7290027600007-007-354-20260916-030000.gz?sv=2014-02-14&sr=b&sig=MhOd6hN%2FQUdGwBrvKmODo6AvKCFIKs%2BxCp8zdc37NRU%3D&se=2026-09-16T06%3A08%3A19Z&sp=r,354,354 - &#39;אקספרס ת&quot;א- קינג ג&#39;ורג,139.6 KB,9/16/2026 3:00:00 AM
PriceFull7290027600007-007-360-20260916-030000.gz,https://pricesprodpublic.blob.core.windows.net/pricefull/PriceFull7290027600007-007-360-20260916-030000.gz?sv=2014-02-14&sr=b&sig=CfbFwGdqOCpaFmHeNlImD9y1aXBACCl9MbYj93LA6Gc%3D&se=2026-09-16T06%3A08%3A19Z&sp=r,360,360 - אקספרס מאירוביץ ראשל&quot;צ,246.33 KB,9/16/2026 3:00:00 AM
PriceFull7290027600007-007-362-20260916-030000.gz,https://pricesprodpublic.blob.core.windows.net/pricefull/PriceFull7290027600007-007-362-20260916-030000.gz?sv=2014-02-14&sr=b&sig=LM0iZsPCWVv5DRF7FR7Vof2pptb2xJP253TkDeCusA4%3D&se=2026-09-16T06%3A08%3A19Z&sp=r,362,362 - אקספרס קרן היסוד ירושלים,166.18 KB,9/16/2026 3:00:00 AM
PriceFull7290027600007-007-368-20260916-030000.gz,https://pricesprodpublic.blob.core.windows.net/pricefull/PriceFull7290027600007-007-368-20260916-030000.gz?sv=2014-02-14&sr=b&sig=KbIuqaxM4QBYT2LyXvxE3YGx5YhEcm1ghYVkpeJ4JYE%3D&se=2026-09-16T06%3A08%3A19Z&sp=r,368,368 - אקספרס-נשר מרגנית,195.17 KB,9/16/2026 3:00:00 AM
PriceFull7290027600007-007-372-20260916-030000.gz,https://pricesprodpublic.blob.core.windows.net/pricefull/PriceFull7290027600007-007-372-20260916-030000.gz?sv=2014-02-14&sr=b&sig=YSsGM3w6vcFjDoFpCyIq1f6Fq0P44WbU5oThaMayue8%3D&se=2026-09-16T06%3A08%3A19Z&sp=r,372,372 - אקספרס בת ים- חשמונאים,261.29 KB,9/16/2026 3:00:00 AM
PriceFull7290027600007-007-375-20260916-030000.gz,https://pricesprodpublic.blob.core.windows.net/pricefull/PriceFull7290027600007-007-375-20260916-030000.gz?sv=2014-02-14&sr=b&sig=VZJiM9HNtxPfd0naNKW4PGTRkmeb8w%2BWBwjvRRhoUoQ%3D&se=2026-09-16T06%3A08%3A19Z&sp=r,375,375 - אקספרס כ&quot;ס- הגליל,222.59 KB,9/16/2026 3:00:00 AM
PriceFull7290027600007-007-376-20260916-030000.gz,https://pricesprodpublic.blob.core.windows.net/pricefull/PriceFull7290027600007-007-376-20260916-030000.gz?sv=2014-02-14&sr=b&sig=eOBQ3WQAuXr5cCn57f%2FopsN8ag2WDBIPV3%2FisY7WuJE%3D&se=2026-09-16T06%3A08%3A19Z&sp=r,376,376 - אקספרס רעננה- משה דיין,195.75 KB,9/16/2026 3:00:00 AM
PriceFull7290027600007-007-377-20260916-030000.gz,https://pricesprodpublic.blob.core.windows.net/pricefull/PriceFull7290027600007-007-377-20260916-030000.gz?sv=2014-02-14&sr=b&sig=GtExXAKaPNwAhpA5HH5eB24SpDk48B0mKLwPNLkeY5A%3D&se=2026-09-16T06%3A08%3A19Z&sp=r,377,377 - אקספרס ירושלים- הדסה,189.62 KB,9/16/2026 3:00:00 AM
PriceFull7290027600007-007-379-20260916-030000.gz,https://pricesprodpublic.blob.core.windows.net/pricefull/PriceFull7290027600007-007-379-20260916-030000.gz?sv=2014-02-14&sr=b&sig=9TheLnvhaj2FnfNsOuD2UaElbbajI2pVGvd1XC4NCs4%3D&se=2026-09-16T06%3A08%3A19Z&sp=r,379,379 - אקספרס גבעתיים- כצנלסון,142.88 KB,9/16/2026 3:00:00 AM
PriceFull7290027600007-007-380-20260916-030000.gz,https://pricesprodpublic.blob.core.windows.net/pricefull/PriceFull7290027600007-007-380-20260916-030000.gz?sv=2014-02-14&sr=b&sig=HcD5OlS7rCWBuytJJut2%2B98nf6XmXdY%2F0dCe24IidMY%3D&se=2026-09-16T06%3A08%3A19Z&sp=r,380,380 - אקספרס ת&quot;א- מרמורק,171.37 KB,9/16/2026 3:00:00 AM
PriceFull7290027600007-007-382-20260916-030000.gz,https://pricesprodpublic.blob.core.windows.net/pricefull/PriceFull7290027600007-007-382-20260916-030000.gz?sv=2014-02-14&sr=b&sig=gzuWlyF09WJ0FveXRDLtf5a1sjg%2FoXk10D51%2BJz33D4%3D&se=2026-09-16T06%3A08%3A19Z&sp=r,382,382 - אקספרס פ&quot;ת- היבנר,227.28 KB,9/16/2026 3:00:00 AM
PriceFull7290027600007-007-384-20260916-030000.gz,https://pricesprodpublic.blob.core.windows.net/pricefull/PriceFull7290027600007-007-384-20260916-030000.gz?sv=2014-02-14&sr=b&sig=T%2BCEOXP6L7IAXymM%2B%2BpC527SCIMMw6UiWCUNOsB%2BT%2Bk%3D&se=2026-09-16T06%3A08%3A19Z&sp=r,384,384 - אקספרס קרית ביאליק,173.6 KB,9/16/2026 3:00:00 AM
PriceFull7290027600007-007-385-20260916-030000.gz,https://pricesprodpublic.blob.core.windows.net/pricefull/PriceFull7290027600007-007-385-20260916-030000.gz?sv=2014-02-14&sr=b&sig=98FJS2W5RXRAEPgdLOvuvR06T4JT%2BYBnvh5bf%2Bw%2BjdI%3D&se=2026-09-16T06%3A08%3A19Z&sp=r,385,385 - אקספרס מאיר יערי תל אביב,241.41 KB,9/16/2026 3:00:00 AM
PriceFull7290027600007-007-388-20260916-030000.gz,https://pricesprodpublic.blob.core.windows.net/pricefull/PriceFull7290027600007-007-388-20260916-030000.gz?sv=2014-02-14&sr=b&sig=KkvDf6ge50nTg8y7m9WxvCI6tU5%2BLQYqHr62nP8H8WU%3D&se=2026-09-16T06%3A08%3A19Z&sp=r,388,388 - אקספרס דניה,226.96 KB,9/16/2026 3:00:00 AM
PriceFull7290027600007-007-390-20260916-030000.gz,https://pricesprodpublic.blob.core.windows.net/pricefull/PriceFull7290027600007-007-390-20260916-030000.gz?sv=2014-02-14&sr=b&sig=jRqWa5q3QtapqBWnsOAUuZFhSbVnrM2WI3RQch18sFk%3D&se=2026-09-16T06%3A08%3A19Z&sp=r,390,390 - שופרסל אקספרס אם המושבות,269.12 KB,9/16/2026 3:00:00 AM
PriceFull7290027600007-007-391-20260916-030000.gz,https://pricesprodpublic.blob.core.windows.net/pricefull/PriceFull7290027600007-007-391-20260916-030000.gz?sv=2014-02-14&sr=b&sig=7B4cIc29az4GXvfCnn1g%2Fw%2FK3Wv7vrISDWktuTtCbrY%3D&se=2026-09-16T06%3A08%3A34Z&sp=r,391,391 - אקספרס אלקנה,169.13 KB,9/16/2026 3:00:00 AM
PriceFull7290027600007-007-393-20260916-030000.gz,https://pricesprodpublic.blob.core.windows.net/pricefull/PriceFull7290027600007-007-393-20260916-030000.gz?sv=2014-02-14&sr=b&sig=tFpk0xyYBMOd%2FtNFbz4EorjggNtO8Dsi1NGPGKVORng%3D&se=2026-09-16T06%3A08%3A34Z&sp=r,393,393 - אקספרס להבים באר שבע,143.85 KB,9/16/2026 3:00:00 AM
PriceFull7290027600007-007-394-20260916-030000.gz,https://pricesprodpublic.blob.core.windows.net/pricefull/PriceFull7290027600007-007-394-20260916-030000.gz?sv=2014-02-14&sr=b&sig=5CXyd2RrnF3vEzIHd5i4R1pQuywqzIM4a9MRTpZ7a7g%3D&se=2026-09-16T06%3A08%3A34Z&sp=r,394,394 - אקספרס הכרמל כפר סבא,230.63 KB,9/16/2026 3:00:00 AM
PriceFull7290027600007-007-397-20260916-030000.gz,https://pricesprodpublic.blob.core.windows.net/pricefull/PriceFull7290027600007-007-397-20260916-030000.gz?sv=2014-02-14&sr=b&sig=ZLL3J0DpEG77txD4Yym2N2bsDHOstT5UIKOMa%2Bl6C3c%3D&se=2026-09-16T06%3A08%3A34Z&sp=r,397,397 - אקספרס פארק עפולה,228.83 KB,9/16/2026 3:00:00 AM
PriceFull7290027600007-007-398-20260916-030000.gz,https://pricesprodpublic.blob.core.windows.net/pricefull/PriceFull7290027600007-007-398-20260916-030000.gz?sv=2014-02-14&sr=b&sig=PRdTaCDzf%2FHy%2F3xx21jzTvOCzM4EGwW2m2c78YA6MXY%3D&se=2026-09-16T06%3A08%3A34Z&sp=r,398,398 - אקספרס אגמים,193.28 KB,9/16/2026 3:00:00 AM
PriceFull7290027600007-007-400-20260916-030000.gz,https://pricesprodpublic.blob.core.windows.net/pricefull/PriceFull7290027600007-007-400-20260916-030000.gz?sv=2014-02-14&sr=b&sig=ExpO3XRIdDGBG7DzYwzOM%2F2TqkFO%2BBC2%2BkCbD2gWzVc%3D&se=2026-09-16T06%3A08%3A34Z&sp=r,400,400 - אקספרס שבזי ראש העין,170.72 KB,9/16/2026 3:00:00 AM
PriceFull7290027600007-007-444-20260916-030000.gz,https://pricesprodpublic.blob.core.windows.net/pricefull/PriceFull7290027600007-007-444-20260916-030000.gz?sv=2014-02-14&sr=b&sig=y%2FMlJAOB391b0ewSOOojiih4qQweH5LiVMjZOU6tEv4%3D&se=2026-09-16T06%3A08%3A34Z&sp=r,444,444 - אקספרס.ב&quot;ש אביסרור,222.98 KB,9/16/2026 3:00:00 AM
PriceFull7290027600007-007-445-20260916-030000.gz,https://pricesprodpublic.blob.core.windows.net/pricefull/PriceFull7290027600007-007-445-20260916-030000.gz?sv=2014-02-14&sr=b&sig=pFRQfhwvN%2FHXTNfUDVOMQcC%2FU8xFFPEnZtQPG3IWBA4%3D&se=2026-09-16T06%3A08%3A34Z&sp=r,445,445 - אקספרס רחובות,189.95 KB,9/16/2026 3:00:00 AM
PriceFull7290027600007-007-477-20260916-030000.gz,https://pricesprodpublic.blob.core.windows.net/pricefull/PriceFull7290027600007-007-477-20260916-030000.gz?sv=2014-02-14&sr=b&sig=Ylj8dZwJ4i91fq6CGyByyJ4zO9sG1%2B5gM%2Bs3IBbIDXc%3D&se=2026-09-16T06%3A08%3A34Z&sp=r,477,477 - אקספרס הציפורים מודיעין,149.58 KB,9/16/2026 3:00:00 AM
PriceFull7290027600007-007-478-20260916-030000.gz,https://pricesprodpublic.blob.core.windows.net/pricefull/PriceFull7290027600007-007-478-20260916-030000.gz?sv=2014-02-14&sr=b&sig=j00duGUUg7jyqEzNHBSHi5StDREsvYNQYgIlr2ctvg0%3D&se=2026-09-16T06%3A08%3A34Z&sp=r,478,478 - אקספרס גדרה,150.58 KB,9/16/2026 3:00:00 AM
PriceFull7290027600007-007-479-20260916-030000.gz,https://pricesprodpublic.blob.core.windows.net/pricefull/PriceFull7290027600007-007-479-20260916-030000.gz?sv=2014-02-14&sr=b&sig=BT0YmRxtuOg12L1WsBKJlNVLROH2TtJiyLZ0CoowL38%3D&se=2026-09-16T06%3A08%3A34Z&sp=r,479,479 - אקספרס בר אילן,139 KB,9/16/2026 3:00:00 AM
PriceFull7290027600007-007-489-20260916-030000.gz,https://pricesprodpublic.blob.core.windows.net/pricefull/PriceFull7290027600007-007-489-20260916-030000.gz?sv=2014-02-14&sr=b&sig=ZgyjgdP9GNy69AJV5Y3K9yrg0RYJ%2F51AZNvgYhR9Eys%3D&se=2026-09-16T06%3A08%3A34Z&sp=r,489,489 - אקספרס מודיעין,168.98 KB,9/16/2026 3:00:00 AM
PriceFull7290027600007-007-511-20260916-030000.gz,https://pricesprodpublic.blob.core.windows.net/pricefull/PriceFull7290027600007-007-511-20260916-030000.gz?sv=2014-02-14&sr=b&sig=6r4IE3ts81yl7nLOAZnBrmmRcjjl8inYuptLl1SKBdQ%3D&se=2026-09-16T06%3A08%3A34Z&sp=r,511,511 - אקספרס רסקו נצרת,210.34 KB,9/16/2026 3:00:00 AM
PriceFull7290027600007-007-579-20260916-030000.gz,https://pricesprodpublic.blob.core.windows.net/pricefull/PriceFull7290027600007-007-579-20260916-030000.gz?sv=2014-02-14&sr=b&sig=Iwz5zt8791UavB3%2F4Ny7OzhICB3GphU7bkVOlKFtEEg%3D&se=2026-09-16T06%3A08%3A34Z&sp=r,579,579 - אקספרס סביון,309.03 KB,9/16/2026 3:00:00 AM
PriceFull7290027600007-007-595-20260916-030000.gz,https://pricesprodpublic.blob.core.windows.net/pricefull/PriceFull7290027600007-007-595-20260916-030000.gz?sv=2014-02-14&sr=b&sig=A3wg0139iOrCND%2BmKasBaTA8NAnhJtaqoSKcxwv8GGc%3D&se=2026-09-16T06%3A08%3A34Z&sp=r,595,595 - אקספרס בת חפר,256.21 KB,9/16/2026 3:00:00 AM
PriceFull7290027600007-007-596-20260916-030000.gz,https://pricesprodpublic.blob.core.windows.net/pricefull/PriceFull7290027600007-007-596-20260916-030000.gz?sv=2014-02-14&sr=b&sig=jjz10MRCZ%2Fa2QUxQHp3md6kjZBOwnRtzjWTTAZ5%2Fe3Q%3D&se=2026-09-16T06%3A08%3A34Z&sp=r,596,596 - אקספרס אבן גבירול,202.88 KB,9/16/2026 3:00:00 AM
PriceFull7290027600007-007-598-20260916-030000.gz,https://pricesprodpublic.blob.core.windows.net/pricefull/PriceFull7290027600007-007-598-20260916-030000.gz?sv=2014-02-14&sr=b&sig=EA6MWQ9SZNjIggfkF2HNryMoUImF5r3zPQ7OJYMveyc%3D&se=2026-09-16T06%3A08%3A34Z&sp=r,598,598 - אקספרס הירדן,284.08 KB,9/16/2026 3:00:00 AM
PriceFull7290027600007-007-599-20260916-030000.gz,https://pricesprodpublic.blob.core.windows.net/pricefull/PriceFull7290027600007-007-599-20260916-030000.gz?sv=2014-02-14&sr=b&sig=NkMg8SriSEkGOARCJutI6%2BgX3d%2FAFjKF%2FqxMFxcSC50%3D&se=2026-09-16T06%3A08%3A34Z&sp=r,599,599 - אקספרס ההסתדרות,200.57 KB,9/16/2026 3:00:00 AM
PriceFull7290027600007-007-738-20260916-030000.gz,https://pricesprodpublic.blob.core.windows.net/pricefull/PriceFull7290027600007-007-738-20260916-030000.gz?sv=2014-02-14&sr=b&sig=zIxUTGFjVT2dKMABFvpv%2FPMgUOFM8110xB3IfsPBk%2BU%3D&se=2026-09-16T06%3A08%3A34Z&sp=r,738,738 - אקפסרס הרצליה,161.66 KB,9/16/2026 3:00:00 AM
PriceFull7290027600007-007-740-20260916-030000.gz,https://pricesprodpublic.blob.core.windows.net/pricefull/PriceFull7290027600007-007-740-20260916-030000.gz?sv=2014-02-14&sr=b&sig=mG0MlmDnO1VaD9GLaqLeNJLzhhrRhzuR%2B35xpyIjWwE%3D&se=2026-09-16T06%3A08%3A34Z&sp=r,740,740 - אקספרס שלמה המלך,227.33 KB,9/16/2026 3:00:00 AM
PriceFull7290027600007-007-741-20260916-030000.gz,https://pricesprodpublic.blob.core.windows.net/pricefull/PriceFull7290027600007-007-741-20260916-030000.gz?sv=2014-02-14&sr=b&sig=pja7RDLNhgKOJyFHEdctOzPHu02S5FPfonG8lZA%2FIJA%3D&se=2026-09-16T06%3A08%3A49Z&sp=r,741,741 - אקספרס יצחק רבין,174.28 KB,9/16/2026 3:00:00 AM
PriceFull7290027600007-007-743-20260916-030000.gz,https://pricesprodpublic.blob.core.windows.net/pricefull/PriceFull7290027600007-007-743-20260916-030000.gz?sv=2014-02-14&sr=b&sig=MMseaCplCXv9D22eB8ET%2FD0Ymb0PqmgWaEHvr0yhmOA%3D&se=2026-09-16T06%3A08%3A49Z&sp=r,743,743 - אקספרס קריית גת,128.32 KB,9/16/2026 3:00:00 AM
PriceFull7290027600007-007-744-20260916-030000.gz,https://pricesprodpublic.blob.core.windows.net/pricefull/PriceFull7290027600007-007-744-20260916-030000.gz?sv=2014-02-14&sr=b&sig=j0yVKxDlnuNKyv8cvWC7Zjou2GilYYouwnYBC2aRaxs%3D&se=2026-09-16T06%3A08%3A49Z&sp=r,744,744 - אקספרס אשקלון,120.1 KB,9/16/2026 3:00:00 AM
PriceFull7290027600007-007-752-20260916-034000.gz,https://pricesprodpublic.blob.core.windows.net/pricefull/PriceFull7290027600007-007-752-20260916-034000.gz?sv=2014-02-14&sr=b&sig=P4aR3o%2Blam5tMOIQNgU2YRnKdVrGS%2FzTf88XW8Pz3fY%3D&se=2026-09-16T06%3A08%3A49Z&sp=r,752,752 - אקספרס כפר סבא דוכיפת,150.82 KB,9/16/2026 3:40:00 AM
PriceFull7290027600007-007-757-20260916-030000.gz,https://pricesprodpublic.blob.core.windows.net/pricefull/PriceFull7290027600007-007-757-20260916-030000.gz?sv=2014-02-14&sr=b&sig=sWgld1gONnH19HG4ji4PUtdr9nUNs5SRJxmvGymfyUA%3D&se=2026-09-16T06%3A08%3A49Z&sp=r,757,757 - אקספרס קריית אונו,158.28 KB,9/16/2026 3:00:00 AM
PriceFull7290027600007-007-768-20260916-030000.gz,https://pricesprodpublic.blob.core.windows.net/pricefull/PriceFull7290027600007-007-768-20260916-030000.gz?sv=2014-02-14&sr=b&sig=Q3ucZswD1CBykUfoCWi3MGw2qFXSIP8hPZ%2BOGYkd3to%3D&se=2026-09-16T06%3A08%3A49Z&sp=r,768,768 - אקספרס קרניצי רמת גן,173.05 KB,9/16/2026 3:00:00 AM
PriceFull7290027600007-007-777-20260916-030000.gz,https://pricesprodpublic.blob.core.windows.net/pricefull/PriceFull7290027600007-007-777-20260916-030000.gz?sv=2014-02-14&sr=b&sig=4BpBBMx%2BfhUP1RZhiHqOTkGFq%2Fq4%2BK6JbCl2pXGpBO4%3D&se=2026-09-16T06%3A08%3A49Z&sp=r,777,777 - אקספרס נרקיסים,196.35 KB,9/16/2026 3:00:00 AM
PriceFull7290027600007-007-780-20260916-030000.gz,https://pricesprodpublic.blob.core.windows.net/pricefull/PriceFull7290027600007-007-780-20260916-030000.gz?sv=2014-02-14&sr=b&sig=dhnTYBqptjpGDBaG%2FKL6iBooo4pKcHaOiiHCJgUOMLU%3D&se=2026-09-16T06%3A08%3A49Z&sp=r,780,780 - אקספרס המעפיל רמת גן,204 KB,9/16/2026 3:00:00 AM
PriceFull7290027600007-007-842-20260916-030000.gz,https://pricesprodpublic.blob.core.windows.net/pricefull/PriceFull7290027600007-007-842-20260916-030000.gz?sv=2014-02-14&sr=b&sig=AsdUS%2B6F9%2FRVYyiMJLbyH16k97PIaZoeV4oX7rG1R24%3D&se=2026-09-16T06%3A08%3A49Z&sp=r,842,842 - אקספרס מטודלה תל אביב,153.93 KB,9/16/2026 3:00:00 AM
PriceFull7290027600007-007-844-20260916-030000.gz,https://pricesprodpublic.blob.core.windows.net/pricefull/PriceFull7290027600007-007-844-20260916-030000.gz?sv=2014-02-14&sr=b&sig=r0PPpG0jkAClmhLxwESfYSaEeUlnDz6qjr%2BuCSYAp5Q%3D&se=2026-09-16T06%3A08%3A49Z&sp=r,844,844 - אקספרס נגבה רמת גן,240.11 KB,9/16/2026 3:00:00 AM
PriceFull7290027600007-007-845-20260916-030000.gz,https://pricesprodpublic.blob.core.windows.net/pricefull/PriceFull7290027600007-007-845-20260916-030000.gz?sv=2014-02-14&sr=b&sig=eBMPCMJUvFGmoGsJseZFgdr0RTJ6E39VrLmlpNf3qNI%3D&se=2026-09-16T06%3A08%3A49Z&sp=r,845,845 - אקספרס נחשון כפר סבא,152.25 KB,9/16/2026 3:00:00 AM
PriceFull7290027600007-007-846-20260916-030000.gz,https://pricesprodpublic.blob.core.windows.net/pricefull/PriceFull7290027600007-007-846-20260916-030000.gz?sv=2014-02-14&sr=b&sig=978SSvqp%2BK1y2QyqFJob%2F8ofDqohPFczW6V5fMAeRkc%3D&se=2026-09-16T06%3A08%3A49Z&sp=r,846,846 - אקספרס אור ים,143.35 KB,9/16/2026 3:00:00 AM
PriceFull7290027600007-008-071-20260916-030000.gz,https://pricesprodpublic.blob.core.windows.net/pricefull/PriceFull7290027600007-008-071-20260916-030000.gz?sv=2014-02-14&sr=b&sig=ki%2FaIWAS89de2dqpk0aT7RkApsBvFtku4CuoePRFLZk%3D&se=2026-09-16T06%3A08%3A49Z&sp=r,71,71 - יוניברס תל חנן  נשר,455.51 KB,9/16/2026 3:00:00 AM
PriceFull7290027600007-008-106-20260916-030000.gz,https://pricesprodpublic.blob.core.windows.net/pricefull/PriceFull7290027600007-008-106-20260916-030000.gz?sv=2014-02-14&sr=b&sig=ouTwnqQvtXHXspjEjp8lKA7KiykvxkBeb2AoqkPdQaE%3D&se=2026-09-16T06%3A08%3A49Z&sp=r,106,106 - יוניברס נס ציונה - הפטיש,451.96 KB,9/16/2026 3:00:00 AM
PriceFull7290027600007-008-134-20260916-030000.gz,https://pricesprodpublic.blob.core.windows.net/pricefull/PriceFull7290027600007-008-134-20260916-030000.gz?sv=2014-02-14&sr=b&sig=Gxxfy6wP4WY3jS6WCFqADkkJHiqkr4F7J4uLym6fsF0%3D&se=2026-09-16T06%3A08%3A49Z&sp=r,134,134 - יוניברס מודיעין- ישפרו סנטר,429 KB,9/16/2026 3:00:00 AM
PriceFull7290027600007-008-135-20260916-030000.gz,https://pricesprodpublic.blob.core.windows.net/pricefull/PriceFull7290027600007-008-135-20260916-030000.gz?sv=2014-02-14&sr=b&sig=1j4WoHff2N6CN0imeaRlgplkykjRvuy6%2BAUN1zcN0LA%3D&se=2026-09-16T06%3A08%3A49Z&sp=r,135,135 - יוניברס אשקלון- פאור סנטר,455.27 KB,9/16/2026 3:00:00 AM
PriceFull7290027600007-008-195-20260916-030000.gz,https://pricesprodpublic.blob.core.windows.net/pricefull/PriceFull7290027600007-008-195-20260916-030000.gz?sv=2014-02-14&sr=b&sig=nK3CimEzC3bpaYQJezFwb%2FmHTWHn0PMlDjkzmRtZMxE%3D&se=2026-09-16T06%3A08%3A49Z&sp=r,195,195 - יוניברס קריון-דרך עכו,451.2 KB,9/16/2026 3:00:00 AM
PriceFull7290027600007-008-210-20260916-030000.gz,https://pricesprodpublic.blob.core.windows.net/pricefull/PriceFull7290027600007-008-210-20260916-030000.gz?sv=2014-02-14&sr=b&sig=W3E%2F1%2FpEN28o62eSgZsJi9A4qX9GDgprRWkD4Qf1kyQ%3D&se=2026-09-16T06%3A08%3A49Z&sp=r,210,210 - יוניברס ראשל&quot;צ- שמוטקין,445.64 KB,9/16/2026 3:00:00 AM
PriceFull7290027600007-008-269-20260916-030000.gz,https://pricesprodpublic.blob.core.windows.net/pricefull/PriceFull7290027600007-008-269-20260916-030000.gz?sv=2014-02-14&sr=b&sig=34KmwhFCQlPmBBKcYsnx56Nih8loOIwWlqsWwNB5QFI%3D&se=2026-09-16T06%3A08%3A49Z&sp=r,269,269 - יוניברס פ&quot;ת- סגולה,454.02 KB,9/16/2026 3:00:00 AM
PriceFull7290027600007-008-276-20260916-030000.gz,https://pricesprodpublic.blob.core.windows.net/pricefull/PriceFull7290027600007-008-276-20260916-030000.gz?sv=2014-02-14&sr=b&sig=UpvYsolA7Ru79j6Ek6eJ7NFin6UkKO7hKoVnT2E1VoE%3D&se=2026-09-16T06%3A08%3A49Z&sp=r,276,276 - יוניברס אמט&quot;ל רחובות,451.73 KB,9/16/2026 3:00:00 AM
PriceFull7290027600007-008-297-20260916-030000.gz,https://pricesprodpublic.blob.core.windows.net/pricefull/PriceFull7290027600007-008-297-20260916-030000.gz?sv=2014-02-14&sr=b&sig=ABjANvisWC0%2FsAAeLEMRO8BKdPM3vdpgMB3R6OvvUu4%3D&se=2026-09-16T06%3A09%3A02Z&sp=r,297,297 - יוניברס חדרה- ארבע האגודות,441.18 KB,9/16/2026 3:00:00 AM
PriceFull7290027600007-015-012-20260916-030000.gz,https://pricesprodpublic.blob.core.windows.net/pricefull/PriceFull7290027600007-015-012-20260916-030000.gz?sv=2014-02-14&sr=b&sig=rMpz9cA1WqrVj1I%2BMjUTcE9qT5Ds%2Fdm6uAr4ekqB6qc%3D&se=2026-09-16T06%3A09%3A02Z&sp=r,12,12 - יש בני ברק- ירושלים,290.78 KB,9/16/2026 3:00:00 AM
PriceFull7290027600007-015-015-20260916-030000.gz,https://pricesprodpublic.blob.core.windows.net/pricefull/PriceFull7290027600007-015-015-20260916-030000.gz?sv=2014-02-14&sr=b&sig=BDwSd4H8hF3u%2F9D3KfalHk3KcPBQBef0fl2m3ONSvRI%3D&se=2026-09-16T06%3A09%3A02Z&sp=r,15,15 - יש פ&quot;ת- רוטשילד,288.25 KB,9/16/2026 3:00:00 AM
PriceFull7290027600007-015-021-20260916-030000.gz,https://pricesprodpublic.blob.core.windows.net/pricefull/PriceFull7290027600007-015-021-20260916-030000.gz?sv=2014-02-14&sr=b&sig=q7PIRis1AigDMjOuDbDY831C4xe4LjL%2FeNBysEL3tL4%3D&se=2026-09-16T06%3A09%3A02Z&sp=r,21,21 - יש מרים ירושלים-  פארן,297.18 KB,9/16/2026 3:00:00 AM
PriceFull7290027600007-015-078-20260916-030000.gz,https://pricesprodpublic.blob.core.windows.net/pricefull/PriceFull7290027600007-015-078-20260916-030000.gz?sv=2014-02-14&sr=b&sig=Rmy59gol6aTVNgn26clFcyqmz4PWPIwMVmJ%2FAxouMBo%3D&se=2026-09-16T06%3A09%3A02Z&sp=r,78,78 - יש הר נוף ירושלים-שאולזו,297.22 KB,9/16/2026 3:00:00 AM
PriceFull7290027600007-015-207-20260916-030000.gz,https://pricesprodpublic.blob.core.windows.net/pricefull/PriceFull7290027600007-015-207-20260916-030000.gz?sv=2014-02-14&sr=b&sig=OYmeRP%2FYH91WI4ZrrP7uOB6jsD2hag%2Fp4el7ipZbEns%3D&se=2026-09-16T06%3A09%3A02Z&sp=r,207,207 - יש אור יהודה - אליהו סעדו,238.98 KB,9/16/2026 3:00:00 AM
PriceFull7290027600007-015-288-20260916-030000.gz,https://pricesprodpublic.blob.core.windows.net/pricefull/PriceFull7290027600007-015-288-20260916-030000.gz?sv=2014-02-14&sr=b&sig=DdIx0TCCwqMy0kMkPQ1vr4yEYa%2F3t%2B%2Fw%2BxJ7cKcOxLw%3D&se=2026-09-16T06%3A09%3A02Z&sp=r,288,288 - יש רחובות- סירני,276.52 KB,9/16/2026 3:00:00 AM
PriceFull7290027600007-015-306-20260916-030000.gz,https://pricesprodpublic.blob.core.windows.net/pricefull/PriceFull7290027600007-015-306-20260916-030000.gz?sv=2014-02-14&sr=b&sig=7mPxOFNtaXlgJYw%2FeV58EZQfZV9mYFdj3cU%2F3jHyzX0%3D&se=2026-09-16T06%3A09%3A02Z&sp=r,306,306 - יש נוה שאנן חיפה- חניתה,262.94 KB,9/16/2026 3:00:00 AM
PriceFull7290027600007-015-307-20260916-030000.gz,https://pricesprodpublic.blob.core.windows.net/pricefull/PriceFull7290027600007-015-307-20260916-030000.gz?sv=2014-02-14&sr=b&sig=SdOx7JUqMYrh857sdusfClBCrPhgnkqcJMgttBJDR0s%3D&se=2026-09-16T06%3A09%3A02Z&sp=r,307,307 - יש קרית אתא- זבולון,274.27 KB,9/16/2026 3:00:00 AM
PriceFull7290027600007-015-314-20260916-030000.gz,https://pricesprodpublic.blob.core.windows.net/pricefull/PriceFull7290027600007-015-314-20260916-030000.gz?sv=2014-02-14&sr=b&sig=ClD6P2Y6HYzCJDoSMmhAypCIjVEQWzoQrz3ITp%2BSsOg%3D&se=2026-09-16T06%3A09%3A02Z&sp=r,314,314 - יש חיפה- צרפת,242.18 KB,9/16/2026 3:00:00 AM
PriceFull7290027600007-015-329-20260810-030000.gz,https://pricesprodpublic.blob.core.windows.net/pricefull/PriceFull7290027600007-015-329-20260810-030000.gz?sv=2014-02-14&sr=b&sig=P4R8dAExX4sfOrHY%2FGlukyeHosCsnnY1CtSQAgGR8to%3D&se=2026-09-16T06%3A09%3A02Z&sp=r,329,,237.25 KB,8/10/2026 3:00:00 AM
PriceFull7290027600007-018-734-20260916-030000.gz,https://pricesprodpublic.blob.core.windows.net/pricefull/PriceFull7290027600007-018-734-20260916-030000.gz?sv=2014-02-14&sr=b&sig=Hsje36kbOOCqalbVYvXxgV4DCrvsXWTZdEptG%2BQVpMU%3D&se=2026-09-16T06%3A09%3A02Z&sp=r,734,734 - גוד מרקט גאולה חיפה,163.55 KB,9/16/2026 3:00:00 AM
PriceFull7290027600007-018-750-20260916-034000.gz,https://pricesprodpublic.blob.core.windows.net/pricefull/PriceFull7290027600007-018-750-20260916-034000.gz?sv=2014-02-14&sr=b&sig=OS%2ByKRjt0cK%2BAGpDA5%2B0EVzcxnKFq8p78MUz6xHwH%2Fw%3D&se=2026-09-16T06%3A09%3A02Z&sp=r,750,750 - גוד מרקט שירת הים,164.77 KB,9/16/2026 3:40:00 AM
PriceFull7290027600007-018-753-20260916-030000.gz,https://pricesprodpublic.blob.core.windows.net/pricefull/PriceFull7290027600007-018-753-20260916-030000.gz?sv=2014-02-14&sr=b&sig=Z2GGybtNFrNnMhjO3PGPRdMHfjMXsygNJ2trBudMSp4%3D&se=2026-09-16T06%3A09%3A02Z&sp=r,753,753 - גוד מרקט רש&quot;י ירושלים,171.98 KB,9/16/2026 3:00:00 AM
PriceFull7290027600007-018-771-20260916-030000.gz,https://pricesprodpublic.blob.core.windows.net/pricefull/PriceFull7290027600007-018-771-20260916-030000.gz?sv=2014-02-14&sr=b&sig=RDdjAX62DKGiim2lj4MYFA6N9kMZCy4hf23Gb4NRSlU%3D&se=2026-09-16T06%3A09%3A02Z&sp=r,771,771 - גוד מרקט בני ברק,217.32 KB,9/16/2026 3:00:00 AM
PriceFull7290027600007-018-772-20260916-030000.gz,https://pricesprodpublic.blob.core.windows.net/pricefull/PriceFull7290027600007-018-772-20260916-030000.gz?sv=2014-02-14&sr=b&sig=cY0HQ4632WDMSIf3Ih4lFzTbU2vI6f1n%2FkgXppHzHAQ%3D&se=2026-09-16T06%3A09%3A02Z&sp=r,772,772 - גוד מרקט מאה שערים,144.52 KB,9/16/2026 3:00:00 AM
PriceFull7290027600007-018-773-20260916-030000.gz,https://pricesprodpublic.blob.core.windows.net/pricefull/PriceFull7290027600007-018-773-20260916-030000.gz?sv=2014-02-14&sr=b&sig=TSYnqRbJI%2Ba0KF9dm3WswDQAVLGaPSvOF00kJ%2BFDv6w%3D&se=2026-09-16T06%3A09%3A02Z&sp=r,773,773 - GOOD MARKET אהבת שלום בית שמש,238.73 KB,9/16/2026 3:00:00 AM
PriceFull7290027600007-018-778-20260916-030000.gz,https://pricesprodpublic.blob.core.windows.net/pricefull/PriceFull7290027600007-018-778-20260916-030000.gz?sv=2014-02-14&sr=b&sig=GOMx7tbDYCNGWsPt7hohNrLg%2Bx0J0X3fl4FuCVRUQYE%3D&se=2026-09-16T06%3A09%3A02Z&sp=r,778,778 - GOOD MARKET אהליאב ירושלים,222.84 KB,9/16/2026 3:00:00 AM
PriceFull7290027600007-018-789-20260916-030000.gz,https://pricesprodpublic.blob.core.windows.net/pricefull/PriceFull7290027600007-018-789-20260916-030000.gz?sv=2014-02-14&sr=b&sig=llFn9ol70lv3tLXWGdWN5CKmNID%2BEDf86wYr3ygbT7M%3D&se=2026-09-16T06%3A09%3A02Z&sp=r,789,789 - גוד מרקט אופקים,205.46 KB,9/16/2026 3:00:00 AM
PriceFull7290027600007-018-840-20260916-030000.gz,https://pricesprodpublic.blob.core.windows.net/pricefull/PriceFull7290027600007-018-840-20260916-030000.gz?sv=2014-02-14&sr=b&sig=y4KWC7yYu7bpQFL%2BD2he2fcJiy55DJB9mdOR9qnrcU0%3D&se=2026-09-16T06%3A09%3A02Z&sp=r,840,840 - גוד מרקט חריש,162.57 KB,9/16/2026 3:00:00 AM
PriceFull7290027600007-018-843-20260916-030000.gz,https://pricesprodpublic.blob.core.windows.net/pricefull/PriceFull7290027600007-018-843-20260916-030000.gz?sv=2014-02-14&sr=b&sig=59vtvAhFzP627DUHUI8vtOEH6uM0qMeni2oM2h4HrDQ%3D&se=2026-09-16T06%3A09%3A17Z&sp=r,843,843 - גוד מרקט בית שמש,180.83 KB,9/16/2026 3:00:00 AM
PriceFull7290027600007-032-161-20260916-030000.gz,https://pricesprodpublic.blob.core.windows.net/pricefull/PriceFull7290027600007-032-161-20260916-030000.gz?sv=2014-02-14&sr=b&sig=xCWiHSUFQ4HoRHFGAW2s2sBZOh1mzxl3pIY3e8VcZe8%3D&se=2026-09-16T06%3A09%3A17Z&sp=r,161,161 - המפיץ סיטונאות אשדוד,199.07 KB,9/16/2026 3:00:00 AM
PriceFull7290027600007-032-737-20260916-030000.gz,https://pricesprodpublic.blob.core.windows.net/pricefull/PriceFull7290027600007-032-737-20260916-030000.gz?sv=2014-02-14&sr=b&sig=GVcq1TrXELuoO26w4hwksNyih2HAdq%2FjlqV4dk2Ej%2Bw%3D&se=2026-09-16T06%3A09%3A17Z&sp=r,737,737 - המפיץ סיטונאות באר שבע,201.03 KB,9/16/2026 3:00:00 AM
